Compound_SMILES,Compound_InchiKeys,Compound_Name,UniProt_Id,Entrez_Gene_Symbol,DiscoveRx_Gene_Symbol,pKd_[M]_pred
C[C@@H](OC1=C(N)N=CC(C2=C(C#N)N(C)N=C2C3)=C1)C4=CC(F)=CC=C4C(N3C)=O,IIXWYSCJSQVBQM-LLVKDONJSA-N,PFE-PKIS 10,Q9UM73,ALK,ALK,4.301573670297898
C[C@@H](OC1=C(N)N=CC(C2=C(C#N)N(C)N=C2C3)=C1)C4=CC(F)=CC=C4C(N3C)=O,IIXWYSCJSQVBQM-LLVKDONJSA-N,PFE-PKIS 10,Q9UIK4,DAPK2,DAPK2,10.860341648112444
C[C@@H](OC1=C(N)N=CC(C2=C(C#N)N(C)N=C2C3)=C1)C4=CC(F)=CC=C4C(N3C)=O,IIXWYSCJSQVBQM-LLVKDONJSA-N,PFE-PKIS 10,O15075,DCLK1,DCAMKL1,8.063917516330482
C[C@@H](OC1=C(N)N=CC(C2=C(C#N)N(C)N=C2C3)=C1)C4=CC(F)=CC=C4C(N3C)=O,IIXWYSCJSQVBQM-LLVKDONJSA-N,PFE-PKIS 10,Q8N568,DCLK2,DCAMKL2,1.9831747945039009
C[C@@H](OC1=C(N)N=CC(C2=C(C#N)N(C)N=C2C3)=C1)C4=CC(F)=CC=C4C(N3C)=O,IIXWYSCJSQVBQM-LLVKDONJSA-N,PFE-PKIS 10,O15197,EPHB6,EPHB6,3.9505181674292658
C[C@@H](OC1=C(N)N=CC(C2=C(C#N)N(C)N=C2C3)=C1)C4=CC(F)=CC=C4C(N3C)=O,IIXWYSCJSQVBQM-LLVKDONJSA-N,PFE-PKIS 10,Q05397,PTK2,FAK,7.333695307003513
C[C@@H](OC1=C(N)N=CC(C2=C(C#N)N(C)N=C2C3)=C1)C4=CC(F)=CC=C4C(N3C)=O,IIXWYSCJSQVBQM-LLVKDONJSA-N,PFE-PKIS 10,P16591,FER,FER,9.061462051687347
C[C@@H](OC1=C(N)N=CC(C2=C(C#N)N(C)N=C2C3)=C1)C4=CC(F)=CC=C4C(N3C)=O,IIXWYSCJSQVBQM-LLVKDONJSA-N,PFE-PKIS 10,P07332,FES,FES,5.779605542730435
C[C@@H](OC1=C(N)N=CC(C2=C(C#N)N(C)N=C2C3)=C1)C4=CC(F)=CC=C4C(N3C)=O,IIXWYSCJSQVBQM-LLVKDONJSA-N,PFE-PKIS 10,P42685,FRK,FRK,8.371902694586693
C[C@@H](OC1=C(N)N=CC(C2=C(C#N)N(C)N=C2C3)=C1)C4=CC(F)=CC=C4C(N3C)=O,IIXWYSCJSQVBQM-LLVKDONJSA-N,PFE-PKIS 10,Q15835,GRK1,GRK1,6.411352120867965
C[C@@H](OC1=C(N)N=CC(C2=C(C#N)N(C)N=C2C3)=C1)C4=CC(F)=CC=C4C(N3C)=O,IIXWYSCJSQVBQM-LLVKDONJSA-N,PFE-PKIS 10,Q8WTQ7,GRK7,GRK7,7.776880588729109
C[C@@H](OC1=C(N)N=CC(C2=C(C#N)N(C)N=C2C3)=C1)C4=CC(F)=CC=C4C(N3C)=O,IIXWYSCJSQVBQM-LLVKDONJSA-N,PFE-PKIS 10,O94804,STK10,LOK,5.042268558447237
C[C@@H](OC1=C(N)N=CC(C2=C(C#N)N(C)N=C2C3)=C1)C4=CC(F)=CC=C4C(N3C)=O,IIXWYSCJSQVBQM-LLVKDONJSA-N,PFE-PKIS 10,P29376,LTK,LTK,5.716132920037419
C[C@@H](OC1=C(N)N=CC(C2=C(C#N)N(C)N=C2C3)=C1)C4=CC(F)=CC=C4C(N3C)=O,IIXWYSCJSQVBQM-LLVKDONJSA-N,PFE-PKIS 10,P46734,MAP2K3,MEK3,6.349889164316129
C[C@@H](OC1=C(N)N=CC(C2=C(C#N)N(C)N=C2C3)=C1)C4=CC(F)=CC=C4C(N3C)=O,IIXWYSCJSQVBQM-LLVKDONJSA-N,PFE-PKIS 10,P15735,PHKG2,PHKG2,7.143348162950418
C[C@@H](OC1=C(N)N=CC(C2=C(C#N)N(C)N=C2C3)=C1)C4=CC(F)=CC=C4C(N3C)=O,IIXWYSCJSQVBQM-LLVKDONJSA-N,PFE-PKIS 10,O00444,PLK4,PLK4,8.841958319655813
C[C@@H](OC1=C(N)N=CC(C2=C(C#N)N(C)N=C2C3)=C1)C4=CC(F)=CC=C4C(N3C)=O,IIXWYSCJSQVBQM-LLVKDONJSA-N,PFE-PKIS 10,Q14289,PTK2B,PYK2,4.7955057847349005
C[C@@H](OC1=C(N)N=CC(C2=C(C#N)N(C)N=C2C3)=C1)C4=CC(F)=CC=C4C(N3C)=O,IIXWYSCJSQVBQM-LLVKDONJSA-N,PFE-PKIS 10,Q6XUX3,DSTYK,RIPK5,6.293269658166023
C[C@@H](OC1=C(N)N=CC(C2=C(C#N)N(C)N=C2C3)=C1)C4=CC(F)=CC=C4C(N3C)=O,IIXWYSCJSQVBQM-LLVKDONJSA-N,PFE-PKIS 10,P08922,ROS1,ROS1,5.5531134886306415
C[C@@H](OC1=C(N)N=CC(C2=C(C#N)N(C)N=C2C3)=C1)C4=CC(F)=CC=C4C(N3C)=O,IIXWYSCJSQVBQM-LLVKDONJSA-N,PFE-PKIS 10,Q9H2G2,SLK,SLK,7.524298002261855
C[C@@H](OC1=C(N)N=CC(C2=C(C#N)N(C)N=C2C3)=C1)C4=CC(F)=CC=C4C(N3C)=O,IIXWYSCJSQVBQM-LLVKDONJSA-N,PFE-PKIS 10,Q13470,TNK1,TNK1,5.231693402102513
C[C@@H](OC1=C(N)N=CC(C2=C(C#N)N(C)N=C2C3)=C1)C4=CC(F)=CC=C4C(N3C)=O,IIXWYSCJSQVBQM-LLVKDONJSA-N,PFE-PKIS 10,Q07912,TNK2,TNK2,9.296092593933567
C[C@@H](OC1=C(N)N=CC(C2=C(C#N)N(C)N=C2C3)=C1)C4=CC(F)=CC=C4C(N3C)=O,IIXWYSCJSQVBQM-LLVKDONJSA-N,PFE-PKIS 10,P04629,NTRK1,TRKA,6.942571116294557
C[C@@H](OC1=C(N)N=CC(C2=C(C#N)N(C)N=C2C3)=C1)C4=CC(F)=CC=C4C(N3C)=O,IIXWYSCJSQVBQM-LLVKDONJSA-N,PFE-PKIS 10,Q16620,NTRK2,TRKB,7.338216641809283
NC(C(C=C1)=CC=C1C2=CC3=NC=NC(SCC(O)=O)=C3S2)=O,MAUXTEABCSHUTA-UHFFFAOYSA-N,PFE-PKIS 14,Q96GD4,AURKB,AURKB,7.582206063209872
NC(C(C=C1)=CC=C1C2=CC3=NC=NC(SCC(O)=O)=C3S2)=O,MAUXTEABCSHUTA-UHFFFAOYSA-N,PFE-PKIS 14,Q8N5S9,CAMKK1,CAMKK1,6.865880927452555
NC(C(C=C1)=CC=C1C2=CC3=NC=NC(SCC(O)=O)=C3S2)=O,MAUXTEABCSHUTA-UHFFFAOYSA-N,PFE-PKIS 14,Q96RR4,CAMKK2,CAMKK2,7.482812481659763
NC(C(C=C1)=CC=C1C2=CC3=NC=NC(SCC(O)=O)=C3S2)=O,MAUXTEABCSHUTA-UHFFFAOYSA-N,PFE-PKIS 14,P49759,CLK1,CLK1,9.456256955377864
NC(C(C=C1)=CC=C1C2=CC3=NC=NC(SCC(O)=O)=C3S2)=O,MAUXTEABCSHUTA-UHFFFAOYSA-N,PFE-PKIS 14,Q9HAZ1,CLK4,CLK4,5.106635405394822
NC(C(C=C1)=CC=C1C2=CC3=NC=NC(SCC(O)=O)=C3S2)=O,MAUXTEABCSHUTA-UHFFFAOYSA-N,PFE-PKIS 14,P68400,CSNK2A1,CSNK2A1,8.31086540787484
NC(C(C=C1)=CC=C1C2=CC3=NC=NC(SCC(O)=O)=C3S2)=O,MAUXTEABCSHUTA-UHFFFAOYSA-N,PFE-PKIS 14,P19784,CSNK2A2,CSNK2A2,7.056285839219025
NC(C(C=C1)=CC=C1C2=CC3=NC=NC(SCC(O)=O)=C3S2)=O,MAUXTEABCSHUTA-UHFFFAOYSA-N,PFE-PKIS 14,Q9UEE5,STK17A,DRAK1,8.360912444230312
NC(C(C=C1)=CC=C1C2=CC3=NC=NC(SCC(O)=O)=C3S2)=O,MAUXTEABCSHUTA-UHFFFAOYSA-N,PFE-PKIS 14,O94768,STK17B,DRAK2,7.15735039858467
NC(C(C=C1)=CC=C1C2=CC3=NC=NC(SCC(O)=O)=C3S2)=O,MAUXTEABCSHUTA-UHFFFAOYSA-N,PFE-PKIS 14,Q13627,DYRK1A,DYRK1A,7.2230802054774275
NC(C(C=C1)=CC=C1C2=CC3=NC=NC(SCC(O)=O)=C3S2)=O,MAUXTEABCSHUTA-UHFFFAOYSA-N,PFE-PKIS 14,Q86Z02,HIPK1,HIPK1,7.452947617096489
NC(C(C=C1)=CC=C1C2=CC3=NC=NC(SCC(O)=O)=C3S2)=O,MAUXTEABCSHUTA-UHFFFAOYSA-N,PFE-PKIS 14,Q9H2X6,HIPK2,HIPK2,7.886575371829094
NC(C(C=C1)=CC=C1C2=CC3=NC=NC(SCC(O)=O)=C3S2)=O,MAUXTEABCSHUTA-UHFFFAOYSA-N,PFE-PKIS 14,Q9H422,HIPK3,HIPK3,9.11650937660417
NC(C(C=C1)=CC=C1C2=CC3=NC=NC(SCC(O)=O)=C3S2)=O,MAUXTEABCSHUTA-UHFFFAOYSA-N,PFE-PKIS 14,Q8NE63,HIPK4,HIPK4,7.1782240714444825
NC(C(C=C1)=CC=C1C2=CC3=NC=NC(SCC(O)=O)=C3S2)=O,MAUXTEABCSHUTA-UHFFFAOYSA-N,PFE-PKIS 14,P09619,PDGFRB,PDGFRB,5.9006302002734845
NC(C(C=C1)=CC=C1C2=CC3=NC=NC(SCC(O)=O)=C3S2)=O,MAUXTEABCSHUTA-UHFFFAOYSA-N,PFE-PKIS 14,O60331,PIP5K1C,PIP5K1C,7.043313200194947
NC(C(C=C1)=CC=C1C2=CC3=NC=NC(SCC(O)=O)=C3S2)=O,MAUXTEABCSHUTA-UHFFFAOYSA-N,PFE-PKIS 14,P19525,EIF2AK2,PRKR,7.78698439476603
CS(C1=CC(CNC2=NC(NC3=CC=C(N(C(C)C)C(C4)=O)C4=C3)=NC=C2C(F)(F)F)=CC=C1)(=O)=O,OXZSOVAKZDHECN-UHFFFAOYSA-N,PFE-PKIS 18,O14965,AURKA,AURKA,6.989957185455137
CS(C1=CC(CNC2=NC(NC3=CC=C(N(C(C)C)C(C4)=O)C4=C3)=NC=C2C(F)(F)F)=CC=C1)(=O)=O,OXZSOVAKZDHECN-UHFFFAOYSA-N,PFE-PKIS 18,Q96GD4,AURKB,AURKB,5.63624054074093
CS(C1=CC(CNC2=NC(NC3=CC=C(N(C(C)C)C(C4)=O)C4=C3)=NC=C2C(F)(F)F)=CC=C1)(=O)=O,OXZSOVAKZDHECN-UHFFFAOYSA-N,PFE-PKIS 18,P19784,CSNK2A2,CSNK2A2,6.661077573833189
CS(C1=CC(CNC2=NC(NC3=CC=C(N(C(C)C)C(C4)=O)C4=C3)=NC=C2C(F)(F)F)=CC=C1)(=O)=O,OXZSOVAKZDHECN-UHFFFAOYSA-N,PFE-PKIS 18,O94768,STK17B,DRAK2,5.946435779044639
CS(C1=CC(CNC2=NC(NC3=CC=C(N(C(C)C)C(C4)=O)C4=C3)=NC=C2C(F)(F)F)=CC=C1)(=O)=O,OXZSOVAKZDHECN-UHFFFAOYSA-N,PFE-PKIS 18,Q05397,PTK2,FAK,8.135291237057416
CS(C1=CC(CNC2=NC(NC3=CC=C(N(C(C)C)C(C4)=O)C4=C3)=NC=C2C(F)(F)F)=CC=C1)(=O)=O,OXZSOVAKZDHECN-UHFFFAOYSA-N,PFE-PKIS 18,P36888,FLT3,FLT3,6.01532666432737
CS(C1=CC(CNC2=NC(NC3=CC=C(N(C(C)C)C(C4)=O)C4=C3)=NC=C2C(F)(F)F)=CC=C1)(=O)=O,OXZSOVAKZDHECN-UHFFFAOYSA-N,PFE-PKIS 18,P35916,FLT4,FLT4,6.5883995745169335
CS(C1=CC(CNC2=NC(NC3=CC=C(N(C(C)C)C(C4)=O)C4=C3)=NC=C2C(F)(F)F)=CC=C1)(=O)=O,OXZSOVAKZDHECN-UHFFFAOYSA-N,PFE-PKIS 18,P23458,JAK1,JAK1(JH2domain-pseudokinase),8.163939640402404
CS(C1=CC(CNC2=NC(NC3=CC=C(N(C(C)C)C(C4)=O)C4=C3)=NC=C2C(F)(F)F)=CC=C1)(=O)=O,OXZSOVAKZDHECN-UHFFFAOYSA-N,PFE-PKIS 18,O60674,JAK2,JAK2(JH1domain-catalytic),8.755073234746721
CS(C1=CC(CNC2=NC(NC3=CC=C(N(C(C)C)C(C4)=O)C4=C3)=NC=C2C(F)(F)F)=CC=C1)(=O)=O,OXZSOVAKZDHECN-UHFFFAOYSA-N,PFE-PKIS 18,P52333,JAK3,JAK3(JH1domain-catalytic),8.17013605536074
CS(C1=CC(CNC2=NC(NC3=CC=C(N(C(C)C)C(C4)=O)C4=C3)=NC=C2C(F)(F)F)=CC=C1)(=O)=O,OXZSOVAKZDHECN-UHFFFAOYSA-N,PFE-PKIS 18,P08581,MET,MET,7.770016493739078
CS(C1=CC(CNC2=NC(NC3=CC=C(N(C(C)C)C(C4)=O)C4=C3)=NC=C2C(F)(F)F)=CC=C1)(=O)=O,OXZSOVAKZDHECN-UHFFFAOYSA-N,PFE-PKIS 18,P80192,MAP3K9,MLK1,6.446564576802124
CS(C1=CC(CNC2=NC(NC3=CC=C(N(C(C)C)C(C4)=O)C4=C3)=NC=C2C(F)(F)F)=CC=C1)(=O)=O,OXZSOVAKZDHECN-UHFFFAOYSA-N,PFE-PKIS 18,Q02779,MAP3K10,MLK2,8.20133124914679
CS(C1=CC(CNC2=NC(NC3=CC=C(N(C(C)C)C(C4)=O)C4=C3)=NC=C2C(F)(F)F)=CC=C1)(=O)=O,OXZSOVAKZDHECN-UHFFFAOYSA-N,PFE-PKIS 18,Q16584,MAP3K11,MLK3,7.295302966533387
CS(C1=CC(CNC2=NC(NC3=CC=C(N(C(C)C)C(C4)=O)C4=C3)=NC=C2C(F)(F)F)=CC=C1)(=O)=O,OXZSOVAKZDHECN-UHFFFAOYSA-N,PFE-PKIS 18,Q16539,MAPK14,p38-alpha,10.581827020260015
CS(C1=CC(CNC2=NC(NC3=CC=C(N(C(C)C)C(C4)=O)C4=C3)=NC=C2C(F)(F)F)=CC=C1)(=O)=O,OXZSOVAKZDHECN-UHFFFAOYSA-N,PFE-PKIS 18,P07949,RET,RET,10.099701393899199
CS(C1=CC(CNC2=NC(NC3=CC=C(N(C(C)C)C(C4)=O)C4=C3)=NC=C2C(F)(F)F)=CC=C1)(=O)=O,OXZSOVAKZDHECN-UHFFFAOYSA-N,PFE-PKIS 18,O14730,RIOK3,RIOK3,6.825895275630486
CS(C1=CC(CNC2=NC(NC3=CC=C(N(C(C)C)C(C4)=O)C4=C3)=NC=C2C(F)(F)F)=CC=C1)(=O)=O,OXZSOVAKZDHECN-UHFFFAOYSA-N,PFE-PKIS 18,Q9H093,NUAK2,SNARK,7.458695184863731
CS(C1=CC(CNC2=NC(NC3=CC=C(N(C(C)C)C(C4)=O)C4=C3)=NC=C2C(F)(F)F)=CC=C1)(=O)=O,OXZSOVAKZDHECN-UHFFFAOYSA-N,PFE-PKIS 18,O75716,STK16,STK16,6.786012980592238
CS(C1=CC(CNC2=NC(NC3=CC=C(N(C(C)C)C(C4)=O)C4=C3)=NC=C2C(F)(F)F)=CC=C1)(=O)=O,OXZSOVAKZDHECN-UHFFFAOYSA-N,PFE-PKIS 18,P43405,SYK,SYK,8.628947604195854
CS(C1=CC(CNC2=NC(NC3=CC=C(N(C(C)C)C(C4)=O)C4=C3)=NC=C2C(F)(F)F)=CC=C1)(=O)=O,OXZSOVAKZDHECN-UHFFFAOYSA-N,PFE-PKIS 18,Q9UHD2,TBK1,TBK1,7.209954783292451
CS(C1=CC(CNC2=NC(NC3=CC=C(N(C(C)C)C(C4)=O)C4=C3)=NC=C2C(F)(F)F)=CC=C1)(=O)=O,OXZSOVAKZDHECN-UHFFFAOYSA-N,PFE-PKIS 18,P04629,NTRK1,TRKA,9.449497893397453
CS(C1=CC(CNC2=NC(NC3=CC=C(N(C(C)C)C(C4)=O)C4=C3)=NC=C2C(F)(F)F)=CC=C1)(=O)=O,OXZSOVAKZDHECN-UHFFFAOYSA-N,PFE-PKIS 18,Q16620,NTRK2,TRKB,8.274660054855921
CS(C1=CC(CNC2=NC(NC3=CC=C(N(C(C)C)C(C4)=O)C4=C3)=NC=C2C(F)(F)F)=CC=C1)(=O)=O,OXZSOVAKZDHECN-UHFFFAOYSA-N,PFE-PKIS 18,P33981,TTK,TTK,7.773912360109773
CS(C1=CC(CNC2=NC(NC3=CC=C(N(C(C)C)C(C4)=O)C4=C3)=NC=C2C(F)(F)F)=CC=C1)(=O)=O,OXZSOVAKZDHECN-UHFFFAOYSA-N,PFE-PKIS 18,P29597,TYK2,TYK2(JH1domain-catalytic),8.610061537151411
CS(C1=CC(CNC2=NC(NC3=CC=C(N(C(C)C)C(C4)=O)C4=C3)=NC=C2C(F)(F)F)=CC=C1)(=O)=O,OXZSOVAKZDHECN-UHFFFAOYSA-N,PFE-PKIS 18,Q56UN5,MAP3K19,YSK4,9.956993797531569
COc1cc(Nc2ncc3N(C)C(=O)C(F)(F)CN(C4CCCC4)c3n2)ccc1C(=O)NC5CCN(C)CC5,JMBATVPHKFZTAF-UHFFFAOYSA-N,TPKI-30,Q8NI60,CABC1,ADCK3,6.535963733451644
COc1cc(Nc2ncc3N(C)C(=O)C(F)(F)CN(C4CCCC4)c3n2)ccc1C(=O)NC5CCN(C)CC5,JMBATVPHKFZTAF-UHFFFAOYSA-N,TPKI-30,O14965,AURKA,AURKA,8.259138786356859
COc1cc(Nc2ncc3N(C)C(=O)C(F)(F)CN(C4CCCC4)c3n2)ccc1C(=O)NC5CCN(C)CC5,JMBATVPHKFZTAF-UHFFFAOYSA-N,TPKI-30,Q13873,BMPR2,BMPR2,5.377777488779596
COc1cc(Nc2ncc3N(C)C(=O)C(F)(F)CN(C4CCCC4)c3n2)ccc1C(=O)NC5CCN(C)CC5,JMBATVPHKFZTAF-UHFFFAOYSA-N,TPKI-30,P51813,BMX,BMX,8.425613272556168
COc1cc(Nc2ncc3N(C)C(=O)C(F)(F)CN(C4CCCC4)c3n2)ccc1C(=O)NC5CCN(C)CC5,JMBATVPHKFZTAF-UHFFFAOYSA-N,TPKI-30,P22607,FGFR3,FGFR3,8.995026137425288
COc1cc(Nc2ncc3N(C)C(=O)C(F)(F)CN(C4CCCC4)c3n2)ccc1C(=O)NC5CCN(C)CC5,JMBATVPHKFZTAF-UHFFFAOYSA-N,TPKI-30,P52564,MAP2K6,MEK6,8.324880324050918
COc1cc(Nc2ncc3N(C)C(=O)C(F)(F)CN(C4CCCC4)c3n2)ccc1C(=O)NC5CCN(C)CC5,JMBATVPHKFZTAF-UHFFFAOYSA-N,TPKI-30,Q9Y6E0,STK24,MST3,6.415068156236468
COc1cc(Nc2ncc3N(C)C(=O)C(F)(F)CN(C4CCCC4)c3n2)ccc1C(=O)NC5CCN(C)CC5,JMBATVPHKFZTAF-UHFFFAOYSA-N,TPKI-30,Q96PY6,NEK1,NEK1,5.808116975655213
COc1cc(Nc2ncc3N(C)C(=O)C(F)(F)CN(C4CCCC4)c3n2)ccc1C(=O)NC5CCN(C)CC5,JMBATVPHKFZTAF-UHFFFAOYSA-N,TPKI-30,Q8IY84,MGC42105,NIM1,10.696393386393986
COc1cc(Nc2ncc3N(C)C(=O)C(F)(F)CN(C4CCCC4)c3n2)ccc1C(=O)NC5CCN(C)CC5,JMBATVPHKFZTAF-UHFFFAOYSA-N,TPKI-30,Q8TBX8,PIP4K2C,PIP5K2C,7.884175010005297
COc1cc(Nc2ncc3N(C)C(=O)C(F)(F)CN(C4CCCC4)c3n2)ccc1C(=O)NC5CCN(C)CC5,JMBATVPHKFZTAF-UHFFFAOYSA-N,TPKI-30,P53350,PLK1,PLK1,5.545785836357882
COc1cc(Nc2ncc3N(C)C(=O)C(F)(F)CN(C4CCCC4)c3n2)ccc1C(=O)NC5CCN(C)CC5,JMBATVPHKFZTAF-UHFFFAOYSA-N,TPKI-30,Q9NYY3,PLK2,PLK2,9.322563324941108
COc1cc(Nc2ncc3N(C)C(=O)C(F)(F)CN(C4CCCC4)c3n2)ccc1C(=O)NC5CCN(C)CC5,JMBATVPHKFZTAF-UHFFFAOYSA-N,TPKI-30,Q9H4B4,PLK3,PLK3,7.660059993328586
COc1cc(Nc2ncc3N(C)C(=O)C(F)(F)CN(C4CCCC4)c3n2)ccc1C(=O)NC5CCN(C)CC5,JMBATVPHKFZTAF-UHFFFAOYSA-N,TPKI-30,Q9H2G2,SLK,SLK,6.854825158928701
COc1cc(Nc2ncc3N(C)C(=O)C(F)(F)CN(C4CCCC4)c3n2)ccc1C(=O)NC5CCN(C)CC5,JMBATVPHKFZTAF-UHFFFAOYSA-N,TPKI-30,O75716,STK16,STK16,4.962426965061097
COc1cc(Nc2ncc3N(C)C(=O)C(F)(F)CN(C4CCCC4)c3n2)ccc1C(=O)NC5CCN(C)CC5,JMBATVPHKFZTAF-UHFFFAOYSA-N,TPKI-30,O00506,STK25,YSK1,8.909140257385893
CN1CCC(CC1)NC(=O)c2ccc(Nc3ncc4N(C)C(=O)C(F)(F)CN(C5CCCC5)c4n3)cc2C,WQQPBXGJFFKXKX-UHFFFAOYSA-N,TPKI-31,O14965,AURKA,AURKA,7.520547977793689
CN1CCC(CC1)NC(=O)c2ccc(Nc3ncc4N(C)C(=O)C(F)(F)CN(C5CCCC5)c4n3)cc2C,WQQPBXGJFFKXKX-UHFFFAOYSA-N,TPKI-31,Q9NSY1,BMP2K,BIKE,10.328881779710347
CN1CCC(CC1)NC(=O)c2ccc(Nc3ncc4N(C)C(=O)C(F)(F)CN(C5CCCC5)c4n3)cc2C,WQQPBXGJFFKXKX-UHFFFAOYSA-N,TPKI-31,P49760,CLK2,CLK2,7.990006545591971
CN1CCC(CC1)NC(=O)c2ccc(Nc3ncc4N(C)C(=O)C(F)(F)CN(C5CCCC5)c4n3)cc2C,WQQPBXGJFFKXKX-UHFFFAOYSA-N,TPKI-31,Q9C098,DCLK3,DCAMKL3,6.3178626408629475
CN1CCC(CC1)NC(=O)c2ccc(Nc3ncc4N(C)C(=O)C(F)(F)CN(C5CCCC5)c4n3)cc2C,WQQPBXGJFFKXKX-UHFFFAOYSA-N,TPKI-31,O14976,GAK,GAK,10.200549171785024
CN1CCC(CC1)NC(=O)c2ccc(Nc3ncc4N(C)C(=O)C(F)(F)CN(C5CCCC5)c4n3)cc2C,WQQPBXGJFFKXKX-UHFFFAOYSA-N,TPKI-31,Q9P2K8,EIF2AK4,"GCN2(Kin.Dom.2,S808G)",8.8574772300811
CN1CCC(CC1)NC(=O)c2ccc(Nc3ncc4N(C)C(=O)C(F)(F)CN(C5CCCC5)c4n3)cc2C,WQQPBXGJFFKXKX-UHFFFAOYSA-N,TPKI-31,P51617,IRAK1,IRAK1,3.098341386818679
CN1CCC(CC1)NC(=O)c2ccc(Nc3ncc4N(C)C(=O)C(F)(F)CN(C5CCCC5)c4n3)cc2C,WQQPBXGJFFKXKX-UHFFFAOYSA-N,TPKI-31,P23458,JAK1,JAK1(JH2domain-pseudokinase),6.516780348246496
CN1CCC(CC1)NC(=O)c2ccc(Nc3ncc4N(C)C(=O)C(F)(F)CN(C5CCCC5)c4n3)cc2C,WQQPBXGJFFKXKX-UHFFFAOYSA-N,TPKI-31,Q9Y6R4,MAP3K4,MAP3K4,5.934889939364248
CN1CCC(CC1)NC(=O)c2ccc(Nc3ncc4N(C)C(=O)C(F)(F)CN(C5CCCC5)c4n3)cc2C,WQQPBXGJFFKXKX-UHFFFAOYSA-N,TPKI-31,P08581,MET,MET,4.770242759725804
CN1CCC(CC1)NC(=O)c2ccc(Nc3ncc4N(C)C(=O)C(F)(F)CN(C5CCCC5)c4n3)cc2C,WQQPBXGJFFKXKX-UHFFFAOYSA-N,TPKI-31,Q8IY84,MGC42105,NIM1,4.191364286023649
CN1CCC(CC1)NC(=O)c2ccc(Nc3ncc4N(C)C(=O)C(F)(F)CN(C5CCCC5)c4n3)cc2C,WQQPBXGJFFKXKX-UHFFFAOYSA-N,TPKI-31,P48736,PIK3CG,PIK3CG,8.68431933254962
CN1CCC(CC1)NC(=O)c2ccc(Nc3ncc4N(C)C(=O)C(F)(F)CN(C5CCCC5)c4n3)cc2C,WQQPBXGJFFKXKX-UHFFFAOYSA-N,TPKI-31,Q8TBX8,PIP4K2C,PIP5K2C,8.522918216538026
CN1CCC(CC1)NC(=O)c2ccc(Nc3ncc4N(C)C(=O)C(F)(F)CN(C5CCCC5)c4n3)cc2C,WQQPBXGJFFKXKX-UHFFFAOYSA-N,TPKI-31,P53350,PLK1,PLK1,7.874069568728583
CN1CCC(CC1)NC(=O)c2ccc(Nc3ncc4N(C)C(=O)C(F)(F)CN(C5CCCC5)c4n3)cc2C,WQQPBXGJFFKXKX-UHFFFAOYSA-N,TPKI-31,Q9NYY3,PLK2,PLK2,7.959442721545512
CN1CCC(CC1)NC(=O)c2ccc(Nc3ncc4N(C)C(=O)C(F)(F)CN(C5CCCC5)c4n3)cc2C,WQQPBXGJFFKXKX-UHFFFAOYSA-N,TPKI-31,Q9H4B4,PLK3,PLK3,6.402032249455703
CN1CCC(CC1)NC(=O)c2ccc(Nc3ncc4N(C)C(=O)C(F)(F)CN(C5CCCC5)c4n3)cc2C,WQQPBXGJFFKXKX-UHFFFAOYSA-N,TPKI-31,Q9BRS2,RIOK1,RIOK1,6.595236670180222
CN1CCC(CC1)NC(=O)c2ccc(Nc3ncc4N(C)C(=O)C(F)(F)CN(C5CCCC5)c4n3)cc2C,WQQPBXGJFFKXKX-UHFFFAOYSA-N,TPKI-31,O14730,RIOK3,RIOK3,7.7898350404498915
CN1CCC(CC1)NC(=O)c2ccc(Nc3ncc4N(C)C(=O)C(F)(F)CN(C5CCCC5)c4n3)cc2C,WQQPBXGJFFKXKX-UHFFFAOYSA-N,TPKI-31,Q9H2G2,SLK,SLK,7.723968178429235
CN1CCC(CC1)NC(=O)c2ccc(Nc3ncc4N(C)C(=O)C(F)(F)CN(C5CCCC5)c4n3)cc2C,WQQPBXGJFFKXKX-UHFFFAOYSA-N,TPKI-31,O75716,STK16,STK16,8.24380715165107
CN1CCC(CC1)NC(=O)c2ccc(Nc3ncc4N(C)C(=O)C(F)(F)CN(C5CCCC5)c4n3)cc2C,WQQPBXGJFFKXKX-UHFFFAOYSA-N,TPKI-31,P29597,TYK2,TYK2(JH1domain-catalytic),7.794252086610337
CN1CCC(CC1)NC(=O)c2ccc(Nc3ncc4N(C)C(=O)C(F)(F)CN(C5CCCC5)c4n3)cc2C,WQQPBXGJFFKXKX-UHFFFAOYSA-N,TPKI-31,Q56UN5,MAP3K19,YSK4,8.541919316359824
CC1=CC(=NN1C1=CC=CC=C1)C(=O)NC1=CC=C(OC2=NN3C=C(NC(=O)C4CC4)N=C3C=C2)C=C1,MZTUKIVBKFNLSN-UHFFFAOYSA-N,TPKI-35,P00519,ABL1,ABL1-phosphorylated,7.427749415740259
CC1=CC(=NN1C1=CC=CC=C1)C(=O)NC1=CC=C(OC2=NN3C=C(NC(=O)C4CC4)N=C3C=C2)C=C1,MZTUKIVBKFNLSN-UHFFFAOYSA-N,TPKI-35,P42684,ABL2,ABL2,7.416845094251531
CC1=CC(=NN1C1=CC=CC=C1)C(=O)NC1=CC=C(OC2=NN3C=C(NC(=O)C4CC4)N=C3C=C2)C=C1,MZTUKIVBKFNLSN-UHFFFAOYSA-N,TPKI-35,Q92772,CDKL2,CDKL2,6.870528773388578
CC1=CC(=NN1C1=CC=CC=C1)C(=O)NC1=CC=C(OC2=NN3C=C(NC(=O)C4CC4)N=C3C=C2)C=C1,MZTUKIVBKFNLSN-UHFFFAOYSA-N,TPKI-35,P07333,CSF1R,CSF1R,8.039894538492597
CC1=CC(=NN1C1=CC=CC=C1)C(=O)NC1=CC=C(OC2=NN3C=C(NC(=O)C4CC4)N=C3C=C2)C=C1,MZTUKIVBKFNLSN-UHFFFAOYSA-N,TPKI-35,Q08345,DDR1,DDR1,7.823327701059035
CC1=CC(=NN1C1=CC=CC=C1)C(=O)NC1=CC=C(OC2=NN3C=C(NC(=O)C4CC4)N=C3C=C2)C=C1,MZTUKIVBKFNLSN-UHFFFAOYSA-N,TPKI-35,Q16832,DDR2,DDR2,7.797111315676053
CC1=CC(=NN1C1=CC=CC=C1)C(=O)NC1=CC=C(OC2=NN3C=C(NC(=O)C4CC4)N=C3C=C2)C=C1,MZTUKIVBKFNLSN-UHFFFAOYSA-N,TPKI-35,O15197,EPHB6,EPHB6,6.586406232614655
CC1=CC(=NN1C1=CC=CC=C1)C(=O)NC1=CC=C(OC2=NN3C=C(NC(=O)C4CC4)N=C3C=C2)C=C1,MZTUKIVBKFNLSN-UHFFFAOYSA-N,TPKI-35,P21860,ERBB3,ERBB3,8.504441880525532
CC1=CC(=NN1C1=CC=CC=C1)C(=O)NC1=CC=C(OC2=NN3C=C(NC(=O)C4CC4)N=C3C=C2)C=C1,MZTUKIVBKFNLSN-UHFFFAOYSA-N,TPKI-35,P17948,FLT1,FLT1,9.015056360930535
CC1=CC(=NN1C1=CC=CC=C1)C(=O)NC1=CC=C(OC2=NN3C=C(NC(=O)C4CC4)N=C3C=C2)C=C1,MZTUKIVBKFNLSN-UHFFFAOYSA-N,TPKI-35,P36888,FLT3,FLT3,7.773587721772079
CC1=CC(=NN1C1=CC=CC=C1)C(=O)NC1=CC=C(OC2=NN3C=C(NC(=O)C4CC4)N=C3C=C2)C=C1,MZTUKIVBKFNLSN-UHFFFAOYSA-N,TPKI-35,P35916,FLT4,FLT4,8.601801056428314
CC1=CC(=NN1C1=CC=CC=C1)C(=O)NC1=CC=C(OC2=NN3C=C(NC(=O)C4CC4)N=C3C=C2)C=C1,MZTUKIVBKFNLSN-UHFFFAOYSA-N,TPKI-35,P10721,KIT,KIT,4.596394660295832
CC1=CC(=NN1C1=CC=CC=C1)C(=O)NC1=CC=C(OC2=NN3C=C(NC(=O)C4CC4)N=C3C=C2)C=C1,MZTUKIVBKFNLSN-UHFFFAOYSA-N,TPKI-35,P06239,LCK,LCK,4.662572277919603
CC1=CC(=NN1C1=CC=CC=C1)C(=O)NC1=CC=C(OC2=NN3C=C(NC(=O)C4CC4)N=C3C=C2)C=C1,MZTUKIVBKFNLSN-UHFFFAOYSA-N,TPKI-35,O94804,STK10,LOK,7.410594574907193
CC1=CC(=NN1C1=CC=CC=C1)C(=O)NC1=CC=C(OC2=NN3C=C(NC(=O)C4CC4)N=C3C=C2)C=C1,MZTUKIVBKFNLSN-UHFFFAOYSA-N,TPKI-35,Q13163,MAP2K5,MEK5,4.818740435789088
CC1=CC(=NN1C1=CC=CC=C1)C(=O)NC1=CC=C(OC2=NN3C=C(NC(=O)C4CC4)N=C3C=C2)C=C1,MZTUKIVBKFNLSN-UHFFFAOYSA-N,TPKI-35,Q12866,MERTK,MERTK,8.6443656553304
CC1=CC(=NN1C1=CC=CC=C1)C(=O)NC1=CC=C(OC2=NN3C=C(NC(=O)C4CC4)N=C3C=C2)C=C1,MZTUKIVBKFNLSN-UHFFFAOYSA-N,TPKI-35,P08581,MET,MET,4.748300463651496
CC1=CC(=NN1C1=CC=CC=C1)C(=O)NC1=CC=C(OC2=NN3C=C(NC(=O)C4CC4)N=C3C=C2)C=C1,MZTUKIVBKFNLSN-UHFFFAOYSA-N,TPKI-35,P16234,PDGFRA,PDGFRA,9.435990213723347
CC1=CC(=NN1C1=CC=CC=C1)C(=O)NC1=CC=C(OC2=NN3C=C(NC(=O)C4CC4)N=C3C=C2)C=C1,MZTUKIVBKFNLSN-UHFFFAOYSA-N,TPKI-35,P09619,PDGFRB,PDGFRB,7.597077955584746
CC1=CC(=NN1C1=CC=CC=C1)C(=O)NC1=CC=C(OC2=NN3C=C(NC(=O)C4CC4)N=C3C=C2)C=C1,MZTUKIVBKFNLSN-UHFFFAOYSA-N,TPKI-35,P07949,RET,RET,6.655398185557501
CC1=CC(=NN1C1=CC=CC=C1)C(=O)NC1=CC=C(OC2=NN3C=C(NC(=O)C4CC4)N=C3C=C2)C=C1,MZTUKIVBKFNLSN-UHFFFAOYSA-N,TPKI-35,P35590,TIE1,TIE1,6.477263195459143
CC1=CC(=NN1C1=CC=CC=C1)C(=O)NC1=CC=C(OC2=NN3C=C(NC(=O)C4CC4)N=C3C=C2)C=C1,MZTUKIVBKFNLSN-UHFFFAOYSA-N,TPKI-35,P04629,NTRK1,TRKA,6.132167509792054
NC1=C(C2=CC=C(NC(NC3=CC=CC(C)=C3)=O)C=C2)C=NC4=C(Br)C=NN41,GXRCQVMXTRWVSJ-UHFFFAOYSA-N,AKI00000050a,P51451,BLK,BLK,7.50163106699864
NC1=C(C2=CC=C(NC(NC3=CC=CC(C)=C3)=O)C=C2)C=NC4=C(Br)C=NN41,GXRCQVMXTRWVSJ-UHFFFAOYSA-N,AKI00000050a,Q6P2M8,PNCK,CAMK1B,5.8974681923057535
NC1=C(C2=CC=C(NC(NC3=CC=CC(C)=C3)=O)C=C2)C=NC4=C(Br)C=NN41,GXRCQVMXTRWVSJ-UHFFFAOYSA-N,AKI00000050a,P07333,CSF1R,CSF1R,7.522802151611133
NC1=C(C2=CC=C(NC(NC3=CC=CC(C)=C3)=O)C=C2)C=NC4=C(Br)C=NN41,GXRCQVMXTRWVSJ-UHFFFAOYSA-N,AKI00000050a,P48729,CSNK1A1,CSNK1A1,6.65168164275972
NC1=C(C2=CC=C(NC(NC3=CC=CC(C)=C3)=O)C=C2)C=NC4=C(Br)C=NN41,GXRCQVMXTRWVSJ-UHFFFAOYSA-N,AKI00000050a,P48730,CSNK1D,CSNK1D,5.414297556252856
NC1=C(C2=CC=C(NC(NC3=CC=CC(C)=C3)=O)C=C2)C=NC4=C(Br)C=NN41,GXRCQVMXTRWVSJ-UHFFFAOYSA-N,AKI00000050a,P49674,CSNK1E,CSNK1E,6.431935932820033
NC1=C(C2=CC=C(NC(NC3=CC=CC(C)=C3)=O)C=C2)C=NC4=C(Br)C=NN41,GXRCQVMXTRWVSJ-UHFFFAOYSA-N,AKI00000050a,Q9C098,DCLK3,DCAMKL3,7.148054289284291
NC1=C(C2=CC=C(NC(NC3=CC=CC(C)=C3)=O)C=C2)C=NC4=C(Br)C=NN41,GXRCQVMXTRWVSJ-UHFFFAOYSA-N,AKI00000050a,Q08345,DDR1,DDR1,10.536969520877744
NC1=C(C2=CC=C(NC(NC3=CC=CC(C)=C3)=O)C=C2)C=NC4=C(Br)C=NN41,GXRCQVMXTRWVSJ-UHFFFAOYSA-N,AKI00000050a,Q16832,DDR2,DDR2,6.278071645264816
NC1=C(C2=CC=C(NC(NC3=CC=CC(C)=C3)=O)C=C2)C=NC4=C(Br)C=NN41,GXRCQVMXTRWVSJ-UHFFFAOYSA-N,AKI00000050a,Q9Y463,DYRK1B,DYRK1B,9.238212297350216
NC1=C(C2=CC=C(NC(NC3=CC=CC(C)=C3)=O)C=C2)C=NC4=C(Br)C=NN41,GXRCQVMXTRWVSJ-UHFFFAOYSA-N,AKI00000050a,O15197,EPHB6,EPHB6,5.425986958827304
NC1=C(C2=CC=C(NC(NC3=CC=CC(C)=C3)=O)C=C2)C=NC4=C(Br)C=NN41,GXRCQVMXTRWVSJ-UHFFFAOYSA-N,AKI00000050a,P36888,FLT3,FLT3,9.340311597430215
NC1=C(C2=CC=C(NC(NC3=CC=CC(C)=C3)=O)C=C2)C=NC4=C(Br)C=NN41,GXRCQVMXTRWVSJ-UHFFFAOYSA-N,AKI00000050a,P35916,FLT4,FLT4,7.5663226454638846
NC1=C(C2=CC=C(NC(NC3=CC=CC(C)=C3)=O)C=C2)C=NC4=C(Br)C=NN41,GXRCQVMXTRWVSJ-UHFFFAOYSA-N,AKI00000050a,P25098,ADRBK1,GRK2,4.992421722568144
NC1=C(C2=CC=C(NC(NC3=CC=CC(C)=C3)=O)C=C2)C=NC4=C(Br)C=NN41,GXRCQVMXTRWVSJ-UHFFFAOYSA-N,AKI00000050a,P10721,KIT,KIT,7.184087819418979
NC1=C(C2=CC=C(NC(NC3=CC=CC(C)=C3)=O)C=C2)C=NC4=C(Br)C=NN41,GXRCQVMXTRWVSJ-UHFFFAOYSA-N,AKI00000050a,P06239,LCK,LCK,10.157435432126716
NC1=C(C2=CC=C(NC(NC3=CC=CC(C)=C3)=O)C=C2)C=NC4=C(Br)C=NN41,GXRCQVMXTRWVSJ-UHFFFAOYSA-N,AKI00000050a,P49137,MAPKAPK2,MAPKAPK2,8.81678697919355
NC1=C(C2=CC=C(NC(NC3=CC=CC(C)=C3)=O)C=C2)C=NC4=C(Br)C=NN41,GXRCQVMXTRWVSJ-UHFFFAOYSA-N,AKI00000050a,Q13163,MAP2K5,MEK5,6.507144133938352
NC1=C(C2=CC=C(NC(NC3=CC=CC(C)=C3)=O)C=C2)C=NC4=C(Br)C=NN41,GXRCQVMXTRWVSJ-UHFFFAOYSA-N,AKI00000050a,Q9H1R3,MYLK2,MYLK2,4.97342899590963
NC1=C(C2=CC=C(NC(NC3=CC=CC(C)=C3)=O)C=C2)C=NC4=C(Br)C=NN41,GXRCQVMXTRWVSJ-UHFFFAOYSA-N,AKI00000050a,P16234,PDGFRA,PDGFRA,7.3057155563747225
NC1=C(C2=CC=C(NC(NC3=CC=CC(C)=C3)=O)C=C2)C=NC4=C(Br)C=NN41,GXRCQVMXTRWVSJ-UHFFFAOYSA-N,AKI00000050a,P09619,PDGFRB,PDGFRB,5.336318777822415
NC1=C(C2=CC=C(NC(NC3=CC=CC(C)=C3)=O)C=C2)C=NC4=C(Br)C=NN41,GXRCQVMXTRWVSJ-UHFFFAOYSA-N,AKI00000050a,P07949,RET,RET,5.9280689682546726
NC1=C(C2=CC=C(NC(NC3=CC=CC(C)=C3)=O)C=C2)C=NC4=C(Br)C=NN41,GXRCQVMXTRWVSJ-UHFFFAOYSA-N,AKI00000050a,O00141,SGK1,SGK,5.042081275203518
NC1=C(C2=CC=C(NC(NC3=CC=CC(C)=C3)=O)C=C2)C=NC4=C(Br)C=NN41,GXRCQVMXTRWVSJ-UHFFFAOYSA-N,AKI00000050a,Q16288,NTRK3,TRKC,7.472846518536045
NC1=C(C2=CC=C(NC(NC3=CC=CC(C)=C3)=O)C=C2)C=NC4=C(Br)C=NN41,GXRCQVMXTRWVSJ-UHFFFAOYSA-N,AKI00000050a,P35968,KDR,VEGFR2,5.170737480099304
CC1=CC=CC(C2=C(N(C=CN=C3)C3=N2)C4=CC=NC(NC5CCCCC5)=N4)=C1,WVTJDZKJXWDTPS-UHFFFAOYSA-N,AKI00000063a,Q8NI60,CABC1,ADCK3,8.322374993758293
CC1=CC=CC(C2=C(N(C=CN=C3)C3=N2)C4=CC=NC(NC5CCCCC5)=N4)=C1,WVTJDZKJXWDTPS-UHFFFAOYSA-N,AKI00000063a,O43683,BUB1,BUB1,8.551381941269025
CC1=CC=CC(C2=C(N(C=CN=C3)C3=N2)C4=CC=NC(NC5CCCCC5)=N4)=C1,WVTJDZKJXWDTPS-UHFFFAOYSA-N,AKI00000063a,Q6P2M8,PNCK,CAMK1B,8.139114472157763
CC1=CC=CC(C2=C(N(C=CN=C3)C3=N2)C4=CC=NC(NC5CCCCC5)=N4)=C1,WVTJDZKJXWDTPS-UHFFFAOYSA-N,AKI00000063a,P48730,CSNK1D,CSNK1D,5.90524232145044
CC1=CC=CC(C2=C(N(C=CN=C3)C3=N2)C4=CC=NC(NC5CCCCC5)=N4)=C1,WVTJDZKJXWDTPS-UHFFFAOYSA-N,AKI00000063a,P49674,CSNK1E,CSNK1E,7.309878373198254
CC1=CC=CC(C2=C(N(C=CN=C3)C3=N2)C4=CC=NC(NC5CCCCC5)=N4)=C1,WVTJDZKJXWDTPS-UHFFFAOYSA-N,AKI00000063a,O14976,GAK,GAK,5.491088941309172
CC1=CC=CC(C2=C(N(C=CN=C3)C3=N2)C4=CC=NC(NC5CCCCC5)=N4)=C1,WVTJDZKJXWDTPS-UHFFFAOYSA-N,AKI00000063a,P45983,MAPK8,JNK1,6.192737410028633
CC1=CC=CC(C2=C(N(C=CN=C3)C3=N2)C4=CC=NC(NC5CCCCC5)=N4)=C1,WVTJDZKJXWDTPS-UHFFFAOYSA-N,AKI00000063a,P45984,MAPK9,JNK2,8.687904055332549
CC1=CC=CC(C2=C(N(C=CN=C3)C3=N2)C4=CC=NC(NC5CCCCC5)=N4)=C1,WVTJDZKJXWDTPS-UHFFFAOYSA-N,AKI00000063a,P53779,MAPK10,JNK3,6.200696259875343
CC1=CC=CC(C2=C(N(C=CN=C3)C3=N2)C4=CC=NC(NC5CCCCC5)=N4)=C1,WVTJDZKJXWDTPS-UHFFFAOYSA-N,AKI00000063a,P45985,MAP2K4,MEK4,6.178944209647842
CC1=CC=CC(C2=C(N(C=CN=C3)C3=N2)C4=CC=NC(NC5CCCCC5)=N4)=C1,WVTJDZKJXWDTPS-UHFFFAOYSA-N,AKI00000063a,Q9UBE8,NLK,NLK,6.655631791565057
CC1=CC=CC(C2=C(N(C=CN=C3)C3=N2)C4=CC=NC(NC5CCCCC5)=N4)=C1,WVTJDZKJXWDTPS-UHFFFAOYSA-N,AKI00000063a,Q16539,MAPK14,p38-alpha,6.6778492839432015
CC1=CC=CC(C2=C(N(C=CN=C3)C3=N2)C4=CC=NC(NC5CCCCC5)=N4)=C1,WVTJDZKJXWDTPS-UHFFFAOYSA-N,AKI00000063a,Q15759,MAPK11,p38-beta,6.050709210087338
CC1=CC=CC(C2=C(N(C=CN=C3)C3=N2)C4=CC=NC(NC5CCCCC5)=N4)=C1,WVTJDZKJXWDTPS-UHFFFAOYSA-N,AKI00000063a,Q9BZL6,PRKD2,PRKD2,6.000255313564357
CC1=CC=CC(C2=C(N(C=CN=C3)C3=N2)C4=CC=NC(NC5CCCCC5)=N4)=C1,WVTJDZKJXWDTPS-UHFFFAOYSA-N,AKI00000063a,Q15418,RPS6KA1,RSK1(Kin.Dom.2-C-terminal),7.078474378035282
CC1=CC=CC(C2=C(N(C=CN=C3)C3=N2)C4=CC=NC(NC5CCCCC5)=N4)=C1,WVTJDZKJXWDTPS-UHFFFAOYSA-N,AKI00000063a,Q9UK32,RPS6KA6,RSK4(Kin.Dom.2-C-terminal),5.515020888173258
CC1=CC=CC(C2=C(N(C=CN=C3)C3=N2)C4=CC=NC(NC5CCCCC5)=N4)=C1,WVTJDZKJXWDTPS-UHFFFAOYSA-N,AKI00000063a,Q9NRP7,STK36,STK36,5.948600260014414
CC1=CC=CC(C2=C(N(C=CN=C3)C3=N2)C4=CC=NC(NC5CCCCC5)=N4)=C1,WVTJDZKJXWDTPS-UHFFFAOYSA-N,AKI00000063a,Q9NYL2,ZAK,ZAK,7.127726124097831
O=C(NC1=C2C(C(F)=CC=C2)=NC=C1)NC3=NC=CN=C3,NSDIHUXUFJHXRA-UHFFFAOYSA-N,AKI00000070a,P11802,CDK4,CDK4-cyclinD1,10.018330436128537
O=C(NC1=C2C(C(F)=CC=C2)=NC=C1)NC3=NC=CN=C3,NSDIHUXUFJHXRA-UHFFFAOYSA-N,AKI00000070a,P11802,CDK4,CDK4-cyclinD3,7.925633507990441
O=C(NC1=C2C(C(F)=CC=C2)=NC=C1)NC3=NC=CN=C3,NSDIHUXUFJHXRA-UHFFFAOYSA-N,AKI00000070a,P50613,CDK7,CDK7,6.489200898551706
O=C(NC1=C2C(C(F)=CC=C2)=NC=C1)NC3=NC=CN=C3,NSDIHUXUFJHXRA-UHFFFAOYSA-N,AKI00000070a,O76039,CDKL5,CDKL5,7.099323484993264
O=C(NC1=C2C(C(F)=CC=C2)=NC=C1)NC3=NC=CN=C3,NSDIHUXUFJHXRA-UHFFFAOYSA-N,AKI00000070a,P48729,CSNK1A1,CSNK1A1,8.293892065343357
O=C(NC1=C2C(C(F)=CC=C2)=NC=C1)NC3=NC=CN=C3,NSDIHUXUFJHXRA-UHFFFAOYSA-N,AKI00000070a,P19784,CSNK2A2,CSNK2A2,6.971060015262372
O=C(NC1=C2C(C(F)=CC=C2)=NC=C1)NC3=NC=CN=C3,NSDIHUXUFJHXRA-UHFFFAOYSA-N,AKI00000070a,Q13627,DYRK1A,DYRK1A,9.060932237863849
O=C(NC1=C2C(C(F)=CC=C2)=NC=C1)NC3=NC=CN=C3,NSDIHUXUFJHXRA-UHFFFAOYSA-N,AKI00000070a,Q8TD08,MAPK15,ERK8,9.890109344435754
O=C(NC1=C2C(C(F)=CC=C2)=NC=C1)NC3=NC=CN=C3,NSDIHUXUFJHXRA-UHFFFAOYSA-N,AKI00000070a,P49840,GSK3A,GSK3A,5.702579255780177
O=C(NC1=C2C(C(F)=CC=C2)=NC=C1)NC3=NC=CN=C3,NSDIHUXUFJHXRA-UHFFFAOYSA-N,AKI00000070a,P49841,GSK3B,GSK3B,6.54665192800944
O=C(NC1=C2C(C(F)=CC=C2)=NC=C1)NC3=NC=CN=C3,NSDIHUXUFJHXRA-UHFFFAOYSA-N,AKI00000070a,Q86Z02,HIPK1,HIPK1,7.384125243152366
O=C(NC1=C2C(C(F)=CC=C2)=NC=C1)NC3=NC=CN=C3,NSDIHUXUFJHXRA-UHFFFAOYSA-N,AKI00000070a,Q9Y6R4,MAP3K4,MAP3K4,6.358284906497529
O=C(NC1=C2C(C(F)=CC=C2)=NC=C1)NC3=NC=CN=C3,NSDIHUXUFJHXRA-UHFFFAOYSA-N,AKI00000070a,Q9NRP7,STK36,STK36,4.472744432081544
O=C(NC1=C2C(C(F)=CC=C2)=NC=C1)NC3=NC=CN=C3,NSDIHUXUFJHXRA-UHFFFAOYSA-N,AKI00000070a,P37173,TGFBR2,TGFBR2,9.927692609961838
O=C(NC1=C2C(C(F)=CC=C2)=NC=C1)NC3=NC=CN=C3,NSDIHUXUFJHXRA-UHFFFAOYSA-N,AKI00000070a,P29597,TYK2,TYK2(JH2domain-pseudokinase),6.691867208861888
O=C(NC1=C2C(C(F)=CC=C2)=NC=C1)NC3=NC=CN=C3,NSDIHUXUFJHXRA-UHFFFAOYSA-N,AKI00000070a,Q56UN5,MAP3K19,YSK4,6.902567124692795
OC(C1=CC2=C(C3=CC(C4=CC=CC=C4)=CC=C3)C=NC=C2S1)=O,FHBDMVQPDQSYLR-UHFFFAOYSA-N,AKI00000074a,Q9BWU1,CDK19,CDK11,6.040122958159211
OC(C1=CC2=C(C3=CC(C4=CC=CC=C4)=CC=C3)C=NC=C2S1)=O,FHBDMVQPDQSYLR-UHFFFAOYSA-N,AKI00000074a,P49336,CDK8,CDK8,5.9596496420216125
OC(C1=CC2=C(C3=CC(C4=CC=CC=C4)=CC=C3)C=NC=C2S1)=O,FHBDMVQPDQSYLR-UHFFFAOYSA-N,AKI00000074a,P53355,DAPK1,DAPK1,7.9964656989020195
OC(C1=CC2=C(C3=CC(C4=CC=CC=C4)=CC=C3)C=NC=C2S1)=O,FHBDMVQPDQSYLR-UHFFFAOYSA-N,AKI00000074a,Q9UIK4,DAPK2,DAPK2,6.82726227433829
OC(C1=CC2=C(C3=CC(C4=CC=CC=C4)=CC=C3)C=NC=C2S1)=O,FHBDMVQPDQSYLR-UHFFFAOYSA-N,AKI00000074a,O43293,DAPK3,DAPK3,6.669682772722117
OC(C1=CC2=C(C3=CC(C4=CC=CC=C4)=CC=C3)C=NC=C2S1)=O,FHBDMVQPDQSYLR-UHFFFAOYSA-N,AKI00000074a,Q86Z02,HIPK1,HIPK1,8.0412798231863
OC(C1=CC2=C(C3=CC(C4=CC=CC=C4)=CC=C3)C=NC=C2S1)=O,FHBDMVQPDQSYLR-UHFFFAOYSA-N,AKI00000074a,Q9H2X6,HIPK2,HIPK2,8.642253144123702
OC(C1=CC2=C(C3=CC(C4=CC=CC=C4)=CC=C3)C=NC=C2S1)=O,FHBDMVQPDQSYLR-UHFFFAOYSA-N,AKI00000074a,Q9H422,HIPK3,HIPK3,5.981500316585828
OC(C1=CC2=C(C3=CC(C4=CC=CC=C4)=CC=C3)C=NC=C2S1)=O,FHBDMVQPDQSYLR-UHFFFAOYSA-N,AKI00000074a,Q8NE63,HIPK4,HIPK4,10.888454180115918
OC(C1=CC2=C(C3=CC(C4=CC=CC=C4)=CC=C3)C=NC=C2S1)=O,FHBDMVQPDQSYLR-UHFFFAOYSA-N,AKI00000074a,Q13163,MAP2K5,MEK5,6.009627784539152
OC(C1=CC2=C(C3=CC(C4=CC=CC=C4)=CC=C3)C=NC=C2S1)=O,FHBDMVQPDQSYLR-UHFFFAOYSA-N,AKI00000074a,Q9Y2I7,PIKFYVE,PIKFYVE,3.5704945442334655
O=C1C2=C(C(C3=CC=CC=N3)=NN1C4=C(Cl)C=NC=C4Cl)N=C(NC5=CC=C(N6CCN(C)CC6)C=C5)N=C2,BYOVZPSNQRPTQJ-UHFFFAOYSA-N,AKI00000021a,Q08345,DDR1,DDR1,3.942005034911799
O=C1C2=C(C(C3=CC=CC=N3)=NN1C4=C(Cl)C=NC=C4Cl)N=C(NC5=CC=C(N6CCN(C)CC6)C=C5)N=C2,BYOVZPSNQRPTQJ-UHFFFAOYSA-N,AKI00000021a,Q16832,DDR2,DDR2,6.070295031729284
O=C1C2=C(C(C3=CC=CC=N3)=NN1C4=C(Cl)C=NC=C4Cl)N=C(NC5=CC=C(N6CCN(C)CC6)C=C5)N=C2,BYOVZPSNQRPTQJ-UHFFFAOYSA-N,AKI00000021a,Q9P2K8,EIF2AK4,"GCN2(Kin.Dom.2,S808G)",8.777639815131089
O=C1C2=C(C(C3=CC=CC=N3)=NN1C4=C(Cl)C=NC=C4Cl)N=C(NC5=CC=C(N6CCN(C)CC6)C=C5)N=C2,BYOVZPSNQRPTQJ-UHFFFAOYSA-N,AKI00000021a,O60674,JAK2,JAK2(JH1domain-catalytic),6.466229703476572
O=C1C2=C(C(C3=CC=CC=N3)=NN1C4=C(Cl)C=NC=C4Cl)N=C(NC5=CC=C(N6CCN(C)CC6)C=C5)N=C2,BYOVZPSNQRPTQJ-UHFFFAOYSA-N,AKI00000021a,P52333,JAK3,JAK3(JH1domain-catalytic),6.8180110890320345
O=C1C2=C(C(C3=CC=CC=N3)=NN1C4=C(Cl)C=NC=C4Cl)N=C(NC5=CC=C(N6CCN(C)CC6)C=C5)N=C2,BYOVZPSNQRPTQJ-UHFFFAOYSA-N,AKI00000021a,Q9Y2U5,MAP3K2,MAP3K2,8.481859097192885
O=C1C2=C(C(C3=CC=CC=N3)=NN1C4=C(Cl)C=NC=C4Cl)N=C(NC5=CC=C(N6CCN(C)CC6)C=C5)N=C2,BYOVZPSNQRPTQJ-UHFFFAOYSA-N,AKI00000021a,Q99759,MAP3K3,MAP3K3,6.158007679933795
O=C1C2=C(C(C3=CC=CC=N3)=NN1C4=C(Cl)C=NC=C4Cl)N=C(NC5=CC=C(N6CCN(C)CC6)C=C5)N=C2,BYOVZPSNQRPTQJ-UHFFFAOYSA-N,AKI00000021a,Q9Y6R4,MAP3K4,MAP3K4,4.77961944888801
O=C1C2=C(C(C3=CC=CC=N3)=NN1C4=C(Cl)C=NC=C4Cl)N=C(NC5=CC=C(N6CCN(C)CC6)C=C5)N=C2,BYOVZPSNQRPTQJ-UHFFFAOYSA-N,AKI00000021a,Q9Y4K4,MAP4K5,MAP4K5,5.695087502631102
O=C1C2=C(C(C3=CC=CC=N3)=NN1C4=C(Cl)C=NC=C4Cl)N=C(NC5=CC=C(N6CCN(C)CC6)C=C5)N=C2,BYOVZPSNQRPTQJ-UHFFFAOYSA-N,AKI00000021a,P42345,MTOR,MTOR,4.726855100682906
O=C1C2=C(C(C3=CC=CC=N3)=NN1C4=C(Cl)C=NC=C4Cl)N=C(NC5=CC=C(N6CCN(C)CC6)C=C5)N=C2,BYOVZPSNQRPTQJ-UHFFFAOYSA-N,AKI00000021a,P29597,TYK2,TYK2(JH1domain-catalytic),6.8603437732333035
O=C1C2=C(C(C3=CC=CC=N3)=NN1C4=C(Cl)C=NC=C4Cl)N=C(NC5=CC=C(N6CCN(C)CC6)C=C5)N=C2,BYOVZPSNQRPTQJ-UHFFFAOYSA-N,AKI00000021a,P30291,WEE1,WEE1,5.005062079284913
O=C1C2=C(C(C3=CC=CC=N3)=NN1C4=C(Cl)C=NC=C4Cl)N=C(NC5=CC=C(N6CCN(C)CC6)C=C5)N=C2,BYOVZPSNQRPTQJ-UHFFFAOYSA-N,AKI00000021a,P0C1S8,WEE2,WEE2,7.042735823851981
O=C1C2=C(C(C3=CC=CC=N3)=NN1C4=C(Cl)C=NC=C4Cl)N=C(NC5=CC=C(N6CCN(C)CC6)C=C5)N=C2,BYOVZPSNQRPTQJ-UHFFFAOYSA-N,AKI00000021a,Q56UN5,MAP3K19,YSK4,8.633919086018981
O=C(NC1=CC(Cl)=CC=C1)NC(C=C2)=CC=C2C3=C4C(N(C)N=C4N)=CN=C3,UUVMNPKFPGJBNX-UHFFFAOYSA-N,AKI00000047a,Q8NI60,CABC1,ADCK3,4.849016584684266
O=C(NC1=CC(Cl)=CC=C1)NC(C=C2)=CC=C2C3=C4C(N(C)N=C4N)=CN=C3,UUVMNPKFPGJBNX-UHFFFAOYSA-N,AKI00000047a,P30530,AXL,AXL,5.1780399536788195
O=C(NC1=CC(Cl)=CC=C1)NC(C=C2)=CC=C2C3=C4C(N(C)N=C4N)=CN=C3,UUVMNPKFPGJBNX-UHFFFAOYSA-N,AKI00000047a,P49760,CLK2,CLK2,2.6583055307676204
O=C(NC1=CC(Cl)=CC=C1)NC(C=C2)=CC=C2C3=C4C(N(C)N=C4N)=CN=C3,UUVMNPKFPGJBNX-UHFFFAOYSA-N,AKI00000047a,P07333,CSF1R,CSF1R,5.733367657633456
O=C(NC1=CC(Cl)=CC=C1)NC(C=C2)=CC=C2C3=C4C(N(C)N=C4N)=CN=C3,UUVMNPKFPGJBNX-UHFFFAOYSA-N,AKI00000047a,P49674,CSNK1E,CSNK1E,5.166975953526656
O=C(NC1=CC(Cl)=CC=C1)NC(C=C2)=CC=C2C3=C4C(N(C)N=C4N)=CN=C3,UUVMNPKFPGJBNX-UHFFFAOYSA-N,AKI00000047a,Q08345,DDR1,DDR1,8.927712870818668
O=C(NC1=CC(Cl)=CC=C1)NC(C=C2)=CC=C2C3=C4C(N(C)N=C4N)=CN=C3,UUVMNPKFPGJBNX-UHFFFAOYSA-N,AKI00000047a,Q16832,DDR2,DDR2,6.034145117540973
O=C(NC1=CC(Cl)=CC=C1)NC(C=C2)=CC=C2C3=C4C(N(C)N=C4N)=CN=C3,UUVMNPKFPGJBNX-UHFFFAOYSA-N,AKI00000047a,O94768,STK17B,DRAK2,6.490036056609336
O=C(NC1=CC(Cl)=CC=C1)NC(C=C2)=CC=C2C3=C4C(N(C)N=C4N)=CN=C3,UUVMNPKFPGJBNX-UHFFFAOYSA-N,AKI00000047a,P29323,EPHB2,EPHB2,5.256510450024713
O=C(NC1=CC(Cl)=CC=C1)NC(C=C2)=CC=C2C3=C4C(N(C)N=C4N)=CN=C3,UUVMNPKFPGJBNX-UHFFFAOYSA-N,AKI00000047a,P54753,EPHB3,EPHB3,4.658605311029428
O=C(NC1=CC(Cl)=CC=C1)NC(C=C2)=CC=C2C3=C4C(N(C)N=C4N)=CN=C3,UUVMNPKFPGJBNX-UHFFFAOYSA-N,AKI00000047a,O15197,EPHB6,EPHB6,7.383913718578026
O=C(NC1=CC(Cl)=CC=C1)NC(C=C2)=CC=C2C3=C4C(N(C)N=C4N)=CN=C3,UUVMNPKFPGJBNX-UHFFFAOYSA-N,AKI00000047a,P17948,FLT1,FLT1,6.338671788461984
O=C(NC1=CC(Cl)=CC=C1)NC(C=C2)=CC=C2C3=C4C(N(C)N=C4N)=CN=C3,UUVMNPKFPGJBNX-UHFFFAOYSA-N,AKI00000047a,P36888,FLT3,FLT3,9.63094906957427
O=C(NC1=CC(Cl)=CC=C1)NC(C=C2)=CC=C2C3=C4C(N(C)N=C4N)=CN=C3,UUVMNPKFPGJBNX-UHFFFAOYSA-N,AKI00000047a,P35916,FLT4,FLT4,9.003690529042581
O=C(NC1=CC(Cl)=CC=C1)NC(C=C2)=CC=C2C3=C4C(N(C)N=C4N)=CN=C3,UUVMNPKFPGJBNX-UHFFFAOYSA-N,AKI00000047a,Q8NE63,HIPK4,HIPK4,10.30306431716799
O=C(NC1=CC(Cl)=CC=C1)NC(C=C2)=CC=C2C3=C4C(N(C)N=C4N)=CN=C3,UUVMNPKFPGJBNX-UHFFFAOYSA-N,AKI00000047a,P10721,KIT,KIT,8.520267749308532
O=C(NC1=CC(Cl)=CC=C1)NC(C=C2)=CC=C2C3=C4C(N(C)N=C4N)=CN=C3,UUVMNPKFPGJBNX-UHFFFAOYSA-N,AKI00000047a,Q8IVH8,MAP4K3,MAP4K3,6.029598453268977
O=C(NC1=CC(Cl)=CC=C1)NC(C=C2)=CC=C2C3=C4C(N(C)N=C4N)=CN=C3,UUVMNPKFPGJBNX-UHFFFAOYSA-N,AKI00000047a,Q8WXR4,MYO3B,MYO3B,7.663375581090542
O=C(NC1=CC(Cl)=CC=C1)NC(C=C2)=CC=C2C3=C4C(N(C)N=C4N)=CN=C3,UUVMNPKFPGJBNX-UHFFFAOYSA-N,AKI00000047a,P16234,PDGFRA,PDGFRA,7.847536430812065
O=C(NC1=CC(Cl)=CC=C1)NC(C=C2)=CC=C2C3=C4C(N(C)N=C4N)=CN=C3,UUVMNPKFPGJBNX-UHFFFAOYSA-N,AKI00000047a,P09619,PDGFRB,PDGFRB,9.49425720184972
O=C(NC1=CC(Cl)=CC=C1)NC(C=C2)=CC=C2C3=C4C(N(C)N=C4N)=CN=C3,UUVMNPKFPGJBNX-UHFFFAOYSA-N,AKI00000047a,Q96Q40,CDK15,PFTAIRE2,6.031163022401694
O=C(NC1=CC(Cl)=CC=C1)NC(C=C2)=CC=C2C3=C4C(N(C)N=C4N)=CN=C3,UUVMNPKFPGJBNX-UHFFFAOYSA-N,AKI00000047a,Q8TBX8,PIP4K2C,PIP5K2C,8.509331366194527
O=C(NC1=CC(Cl)=CC=C1)NC(C=C2)=CC=C2C3=C4C(N(C)N=C4N)=CN=C3,UUVMNPKFPGJBNX-UHFFFAOYSA-N,AKI00000047a,P07949,RET,RET,4.595248692134584
O=C(NC1=CC(Cl)=CC=C1)NC(C=C2)=CC=C2C3=C4C(N(C)N=C4N)=CN=C3,UUVMNPKFPGJBNX-UHFFFAOYSA-N,AKI00000047a,P57078,RIPK4,RIPK4,4.76607025775611
O=C(NC1=CC(Cl)=CC=C1)NC(C=C2)=CC=C2C3=C4C(N(C)N=C4N)=CN=C3,UUVMNPKFPGJBNX-UHFFFAOYSA-N,AKI00000047a,Q15349,RPS6KA2,RSK3(Kin.Dom.1-N-terminal),8.982040490205275
O=C(NC1=CC(Cl)=CC=C1)NC(C=C2)=CC=C2C3=C4C(N(C)N=C4N)=CN=C3,UUVMNPKFPGJBNX-UHFFFAOYSA-N,AKI00000047a,P12931,SRC,SRC,4.438412335224768
O=C(NC1=CC(Cl)=CC=C1)NC(C=C2)=CC=C2C3=C4C(N(C)N=C4N)=CN=C3,UUVMNPKFPGJBNX-UHFFFAOYSA-N,AKI00000047a,Q16288,NTRK3,TRKC,5.554533238815494
O=C(NC1=CC(Cl)=CC=C1)NC(C=C2)=CC=C2C3=C4C(N(C)N=C4N)=CN=C3,UUVMNPKFPGJBNX-UHFFFAOYSA-N,AKI00000047a,P35968,KDR,VEGFR2,9.140058551295892
O=C(NC1=CC(Cl)=CC=C1)NC(C=C2)=CC=C2C3=C4C(N(C)N=C4N)=CN=C3,UUVMNPKFPGJBNX-UHFFFAOYSA-N,AKI00000047a,Q56UN5,MAP3K19,YSK4,6.7086306185003854
CC(C(=O)NC1CCN(C1)c1ccnc(Nc2ccc(F)cc2)n1)c1ccc(Cl)cc1,UTVWMEXPPUFQCD-UHFFFAOYSA-N,GSK1379713,Q9BYP7,WNK3,WNK3,6.197305802029379
COc1cc(Nc2nccc(n2)N2CCC(C2)NC(=O)Nc2ccc3OCOc3c2)cc(OC)c1OC,RPMUHLTUQBLTIL-UHFFFAOYSA-N,GSK1379766,O14965,AURKA,AURKA,8.243140710947246
COc1cc(Nc2nccc(n2)N2CCC(C2)NC(=O)Nc2ccc3OCOc3c2)cc(OC)c1OC,RPMUHLTUQBLTIL-UHFFFAOYSA-N,GSK1379766,Q9UQB9,AURKC,AURKC,6.759799144794181
COc1cc(Nc2nccc(n2)N2CCC(C2)NC(=O)Nc2ccc3OCOc3c2)cc(OC)c1OC,RPMUHLTUQBLTIL-UHFFFAOYSA-N,GSK1379766,O15197,EPHB6,EPHB6,8.167413800438784
COc1cc(Nc2nccc(n2)N2CCC(C2)NC(=O)Nc2ccc3OCOc3c2)cc(OC)c1OC,RPMUHLTUQBLTIL-UHFFFAOYSA-N,GSK1379766,Q92918,MAP4K1,HPK1,6.439055945923865
COc1cc(Nc2nccc(n2)N2CCC(C2)NC(=O)Nc2ccc3OCOc3c2)cc(OC)c1OC,RPMUHLTUQBLTIL-UHFFFAOYSA-N,GSK1379766,P51617,IRAK1,IRAK1,7.047819768074483
COc1cc(Nc2nccc(n2)N2CCC(C2)NC(=O)Nc2ccc3OCOc3c2)cc(OC)c1OC,RPMUHLTUQBLTIL-UHFFFAOYSA-N,GSK1379766,Q9Y616,IRAK3,IRAK3,6.160968330166599
COc1cc(Nc2nccc(n2)N2CCC(C2)NC(=O)Nc2ccc3OCOc3c2)cc(OC)c1OC,RPMUHLTUQBLTIL-UHFFFAOYSA-N,GSK1379766,O60674,JAK2,JAK2(JH1domain-catalytic),5.77006422554776
COc1cc(Nc2nccc(n2)N2CCC(C2)NC(=O)Nc2ccc3OCOc3c2)cc(OC)c1OC,RPMUHLTUQBLTIL-UHFFFAOYSA-N,GSK1379766,Q13163,MAP2K5,MEK5,6.206760671757195
COc1cc(Nc2nccc(n2)N2CCC(C2)NC(=O)Nc2ccc3OCOc3c2)cc(OC)c1OC,RPMUHLTUQBLTIL-UHFFFAOYSA-N,GSK1379766,Q6P3R8,NEK5,NEK5,6.5901770616851305
COc1cc(Nc2nccc(n2)N2CCC(C2)NC(=O)Nc2ccc3OCOc3c2)cc(OC)c1OC,RPMUHLTUQBLTIL-UHFFFAOYSA-N,GSK1379766,Q9UBF8,PI4KB,PIK4CB,2.8917456161436492
COc1cc(Nc2nccc(n2)N2CCC(C2)NC(=O)Nc2ccc3OCOc3c2)cc(OC)c1OC,RPMUHLTUQBLTIL-UHFFFAOYSA-N,GSK1379766,Q8TBX8,PIP4K2C,PIP5K2C,6.012950164587379
COc1cc(Nc2nccc(n2)N2CCC(C2)NC(=O)Nc2ccc3OCOc3c2)cc(OC)c1OC,RPMUHLTUQBLTIL-UHFFFAOYSA-N,GSK1379766,Q9BRS2,RIOK1,RIOK1,6.055074443483632
COc1cc(Nc2nccc(n2)N2CCC(C2)NC(=O)Nc2ccc3OCOc3c2)cc(OC)c1OC,RPMUHLTUQBLTIL-UHFFFAOYSA-N,GSK1379766,O14730,RIOK3,RIOK3,5.754566600082238
COc1cc(Nc2nccc(n2)N2CCC(C2)NC(=O)Nc2ccc3OCOc3c2)cc(OC)c1OC,RPMUHLTUQBLTIL-UHFFFAOYSA-N,GSK1379766,Q6PHR2,ULK3,ULK3,5.076060155117472
Fc1ccc(Nc2nccc(n2)N2CCC(C2)NC(=O)c2cccc(c2)C#N)cc1,FRVXLNNIXWWUAQ-UHFFFAOYSA-N,GSK1379708,Q96J92,WNK4,WNK4,4.643204639400424
COc1cc(Nc2nccc(n2)N2CCC(C2)NC(=O)Nc2cccc(c2)C(C)=O)cc(OC)c1OC,FHPPXPQIIDRCLD-UHFFFAOYSA-N,GSK1379753,Q13705,ACVR2B,ACVR2B,6.181956772241766
COc1cc(Nc2nccc(n2)N2CCC(C2)NC(=O)Nc2cccc(c2)C(C)=O)cc(OC)c1OC,FHPPXPQIIDRCLD-UHFFFAOYSA-N,GSK1379753,O14965,AURKA,AURKA,4.964954157491507
COc1cc(Nc2nccc(n2)N2CCC(C2)NC(=O)Nc2cccc(c2)C(C)=O)cc(OC)c1OC,FHPPXPQIIDRCLD-UHFFFAOYSA-N,GSK1379753,O15197,EPHB6,EPHB6,10.160620385366494
COc1cc(Nc2nccc(n2)N2CCC(C2)NC(=O)Nc2cccc(c2)C(C)=O)cc(OC)c1OC,FHPPXPQIIDRCLD-UHFFFAOYSA-N,GSK1379753,Q9Y616,IRAK3,IRAK3,5.887333739991156
COc1cc(Nc2nccc(n2)N2CCC(C2)NC(=O)Nc2cccc(c2)C(C)=O)cc(OC)c1OC,FHPPXPQIIDRCLD-UHFFFAOYSA-N,GSK1379753,O60674,JAK2,JAK2(JH1domain-catalytic),7.020153789859028
COc1cc(Nc2nccc(n2)N2CCC(C2)NC(=O)Nc2cccc(c2)C(C)=O)cc(OC)c1OC,FHPPXPQIIDRCLD-UHFFFAOYSA-N,GSK1379753,P10721,KIT,KIT,8.142019161991467
COc1cc(Nc2nccc(n2)N2CCC(C2)NC(=O)Nc2cccc(c2)C(C)=O)cc(OC)c1OC,FHPPXPQIIDRCLD-UHFFFAOYSA-N,GSK1379753,P29376,LTK,LTK,8.012615343372385
COc1cc(Nc2nccc(n2)N2CCC(C2)NC(=O)Nc2cccc(c2)C(C)=O)cc(OC)c1OC,FHPPXPQIIDRCLD-UHFFFAOYSA-N,GSK1379753,Q13163,MAP2K5,MEK5,6.911128846271717
COc1cc(Nc2nccc(n2)N2CCC(C2)NC(=O)Nc2cccc(c2)C(C)=O)cc(OC)c1OC,FHPPXPQIIDRCLD-UHFFFAOYSA-N,GSK1379753,Q13043,STK4,MST1,7.273285304319619
COc1cc(Nc2nccc(n2)N2CCC(C2)NC(=O)Nc2cccc(c2)C(C)=O)cc(OC)c1OC,FHPPXPQIIDRCLD-UHFFFAOYSA-N,GSK1379753,Q6P3R8,NEK5,NEK5,6.644443524227956
COc1cc(Nc2nccc(n2)N2CCC(C2)NC(=O)Nc2cccc(c2)C(C)=O)cc(OC)c1OC,FHPPXPQIIDRCLD-UHFFFAOYSA-N,GSK1379753,O75914,PAK3,PAK3,7.964941604237163
COc1cc(Nc2nccc(n2)N2CCC(C2)NC(=O)Nc2cccc(c2)C(C)=O)cc(OC)c1OC,FHPPXPQIIDRCLD-UHFFFAOYSA-N,GSK1379753,Q8TBX8,PIP4K2C,PIP5K2C,6.843992858736719
COc1cc(Nc2nccc(n2)N2CCC(C2)NC(=O)Nc2cccc(c2)C(C)=O)cc(OC)c1OC,FHPPXPQIIDRCLD-UHFFFAOYSA-N,GSK1379753,O75716,STK16,STK16,8.130765144428462
COc1cccc(CNC(=O)NC2CCN(C2)c2ccnc(Nc3cc(OC)c(OC)c(OC)c3)n2)c1,DNUXCMSJSBRGFX-UHFFFAOYSA-N,GSK1379765,Q96D53,ADCK4,ADCK4,6.2879356708422325
COc1cccc(CNC(=O)NC2CCN(C2)c2ccnc(Nc3cc(OC)c(OC)c(OC)c3)n2)c1,DNUXCMSJSBRGFX-UHFFFAOYSA-N,GSK1379765,O14965,AURKA,AURKA,8.237493072639362
COc1cccc(CNC(=O)NC2CCN(C2)c2ccnc(Nc3cc(OC)c(OC)c(OC)c3)n2)c1,DNUXCMSJSBRGFX-UHFFFAOYSA-N,GSK1379765,Q96GD4,AURKB,AURKB,8.695783816689605
COc1cccc(CNC(=O)NC2CCN(C2)c2ccnc(Nc3cc(OC)c(OC)c(OC)c3)n2)c1,DNUXCMSJSBRGFX-UHFFFAOYSA-N,GSK1379765,O43683,BUB1,BUB1,9.7717888012452
COc1cccc(CNC(=O)NC2CCN(C2)c2ccnc(Nc3cc(OC)c(OC)c(OC)c3)n2)c1,DNUXCMSJSBRGFX-UHFFFAOYSA-N,GSK1379765,O15197,EPHB6,EPHB6,5.391195047900753
COc1cccc(CNC(=O)NC2CCN(C2)c2ccnc(Nc3cc(OC)c(OC)c(OC)c3)n2)c1,DNUXCMSJSBRGFX-UHFFFAOYSA-N,GSK1379765,P14616,INSRR,INSRR,6.624239210903232
COc1cccc(CNC(=O)NC2CCN(C2)c2ccnc(Nc3cc(OC)c(OC)c(OC)c3)n2)c1,DNUXCMSJSBRGFX-UHFFFAOYSA-N,GSK1379765,Q9Y616,IRAK3,IRAK3,5.523606282991346
COc1cccc(CNC(=O)NC2CCN(C2)c2ccnc(Nc3cc(OC)c(OC)c(OC)c3)n2)c1,DNUXCMSJSBRGFX-UHFFFAOYSA-N,GSK1379765,O60674,JAK2,JAK2(JH1domain-catalytic),9.643786544465712
COc1cccc(CNC(=O)NC2CCN(C2)c2ccnc(Nc3cc(OC)c(OC)c(OC)c3)n2)c1,DNUXCMSJSBRGFX-UHFFFAOYSA-N,GSK1379765,P53671,LIMK2,LIMK2,5.490633208848075
COc1cccc(CNC(=O)NC2CCN(C2)c2ccnc(Nc3cc(OC)c(OC)c(OC)c3)n2)c1,DNUXCMSJSBRGFX-UHFFFAOYSA-N,GSK1379765,Q13163,MAP2K5,MEK5,7.550933855316874
COc1cccc(CNC(=O)NC2CCN(C2)c2ccnc(Nc3cc(OC)c(OC)c(OC)c3)n2)c1,DNUXCMSJSBRGFX-UHFFFAOYSA-N,GSK1379765,O15146,MUSK,MUSK,7.716573970570048
COc1cccc(CNC(=O)NC2CCN(C2)c2ccnc(Nc3cc(OC)c(OC)c(OC)c3)n2)c1,DNUXCMSJSBRGFX-UHFFFAOYSA-N,GSK1379765,Q6P3R8,NEK5,NEK5,5.261445954183914
COc1cccc(CNC(=O)NC2CCN(C2)c2ccnc(Nc3cc(OC)c(OC)c(OC)c3)n2)c1,DNUXCMSJSBRGFX-UHFFFAOYSA-N,GSK1379765,P42338,PIK3CB,PIK3CB,4.152872869560613
COc1cccc(CNC(=O)NC2CCN(C2)c2ccnc(Nc3cc(OC)c(OC)c(OC)c3)n2)c1,DNUXCMSJSBRGFX-UHFFFAOYSA-N,GSK1379765,Q8TBX8,PIP4K2C,PIP5K2C,7.0329635855058825
COc1cccc(CNC(=O)NC2CCN(C2)c2ccnc(Nc3cc(OC)c(OC)c(OC)c3)n2)c1,DNUXCMSJSBRGFX-UHFFFAOYSA-N,GSK1379765,P35590,TIE1,TIE1,8.94372512049488
COc1cccc(CNC(=O)NC2CCN(C2)c2ccnc(Nc3cc(OC)c(OC)c(OC)c3)n2)c1,DNUXCMSJSBRGFX-UHFFFAOYSA-N,GSK1379765,Q6PHR2,ULK3,ULK3,6.031322177538408
Oc1ccc(cc1)-c1c[nH]c(=O)c2cc(sc12)-c1ccncc1,CCZJKJIDVXAPAV-UHFFFAOYSA-N,GSK1033723,Q9Y243,AKT3,AKT3,7.600128116123208
Oc1ccc(cc1)-c1c[nH]c(=O)c2cc(sc12)-c1ccncc1,CCZJKJIDVXAPAV-UHFFFAOYSA-N,GSK1033723,P30530,AXL,AXL,7.378309030312392
Oc1ccc(cc1)-c1c[nH]c(=O)c2cc(sc12)-c1ccncc1,CCZJKJIDVXAPAV-UHFFFAOYSA-N,GSK1033723,P49759,CLK1,CLK1,6.987855897485517
Oc1ccc(cc1)-c1c[nH]c(=O)c2cc(sc12)-c1ccncc1,CCZJKJIDVXAPAV-UHFFFAOYSA-N,GSK1033723,Q9HAZ1,CLK4,CLK4,6.474181472672222
Oc1ccc(cc1)-c1c[nH]c(=O)c2cc(sc12)-c1ccncc1,CCZJKJIDVXAPAV-UHFFFAOYSA-N,GSK1033723,Q09013,DMPK,DMPK,6.103458151200719
Oc1ccc(cc1)-c1c[nH]c(=O)c2cc(sc12)-c1ccncc1,CCZJKJIDVXAPAV-UHFFFAOYSA-N,GSK1033723,Q13627,DYRK1A,DYRK1A,4.957430326041051
Oc1ccc(cc1)-c1c[nH]c(=O)c2cc(sc12)-c1ccncc1,CCZJKJIDVXAPAV-UHFFFAOYSA-N,GSK1033723,Q9Y463,DYRK1B,DYRK1B,9.99402728468379
Oc1ccc(cc1)-c1c[nH]c(=O)c2cc(sc12)-c1ccncc1,CCZJKJIDVXAPAV-UHFFFAOYSA-N,GSK1033723,Q92630,DYRK2,DYRK2,6.083715794688753
Oc1ccc(cc1)-c1c[nH]c(=O)c2cc(sc12)-c1ccncc1,CCZJKJIDVXAPAV-UHFFFAOYSA-N,GSK1033723,Q8TF76,GSG2,HASPIN,7.049630228167061
Oc1ccc(cc1)-c1c[nH]c(=O)c2cc(sc12)-c1ccncc1,CCZJKJIDVXAPAV-UHFFFAOYSA-N,GSK1033723,Q9H422,HIPK3,HIPK3,7.522841287401536
Oc1ccc(cc1)-c1c[nH]c(=O)c2cc(sc12)-c1ccncc1,CCZJKJIDVXAPAV-UHFFFAOYSA-N,GSK1033723,P06213,INSR,INSR,8.290885948494699
Oc1ccc(cc1)-c1c[nH]c(=O)c2cc(sc12)-c1ccncc1,CCZJKJIDVXAPAV-UHFFFAOYSA-N,GSK1033723,Q02763,TEK,TIE2,5.647486462022901
Oc1ccc(cc1)-c1c[nH]c(=O)c2cc(sc12)-c1ccncc1,CCZJKJIDVXAPAV-UHFFFAOYSA-N,GSK1033723,Q56UN5,MAP3K19,YSK4,7.50806336101901
COc1cccc(NC(=O)NC2CCN(C2)c2ccnc(Nc3cc(OC)c(OC)c(OC)c3)n2)c1,JWYSBCWFKGORAC-UHFFFAOYSA-N,GSK1379763,P27037,ACVR2A,ACVR2A,6.465885150220143
COc1cccc(NC(=O)NC2CCN(C2)c2ccnc(Nc3cc(OC)c(OC)c(OC)c3)n2)c1,JWYSBCWFKGORAC-UHFFFAOYSA-N,GSK1379763,Q9UQB9,AURKC,AURKC,5.928500798333385
COc1cccc(NC(=O)NC2CCN(C2)c2ccnc(Nc3cc(OC)c(OC)c(OC)c3)n2)c1,JWYSBCWFKGORAC-UHFFFAOYSA-N,GSK1379763,O15197,EPHB6,EPHB6,4.319236219013586
COc1cccc(NC(=O)NC2CCN(C2)c2ccnc(Nc3cc(OC)c(OC)c(OC)c3)n2)c1,JWYSBCWFKGORAC-UHFFFAOYSA-N,GSK1379763,Q9H422,HIPK3,HIPK3,7.944447784885342
COc1cccc(NC(=O)NC2CCN(C2)c2ccnc(Nc3cc(OC)c(OC)c(OC)c3)n2)c1,JWYSBCWFKGORAC-UHFFFAOYSA-N,GSK1379763,Q9Y616,IRAK3,IRAK3,7.2467801481457075
COc1cccc(NC(=O)NC2CCN(C2)c2ccnc(Nc3cc(OC)c(OC)c(OC)c3)n2)c1,JWYSBCWFKGORAC-UHFFFAOYSA-N,GSK1379763,O60674,JAK2,JAK2(JH1domain-catalytic),6.6349443194671744
COc1cccc(NC(=O)NC2CCN(C2)c2ccnc(Nc3cc(OC)c(OC)c(OC)c3)n2)c1,JWYSBCWFKGORAC-UHFFFAOYSA-N,GSK1379763,P10721,KIT,KIT,6.144249989951787
COc1cccc(NC(=O)NC2CCN(C2)c2ccnc(Nc3cc(OC)c(OC)c(OC)c3)n2)c1,JWYSBCWFKGORAC-UHFFFAOYSA-N,GSK1379763,Q13233,MAP3K1,MAP3K1,6.057679122284826
COc1cccc(NC(=O)NC2CCN(C2)c2ccnc(Nc3cc(OC)c(OC)c(OC)c3)n2)c1,JWYSBCWFKGORAC-UHFFFAOYSA-N,GSK1379763,Q9Y4K4,MAP4K5,MAP4K5,8.354964452153997
COc1cccc(NC(=O)NC2CCN(C2)c2ccnc(Nc3cc(OC)c(OC)c(OC)c3)n2)c1,JWYSBCWFKGORAC-UHFFFAOYSA-N,GSK1379763,Q13163,MAP2K5,MEK5,7.615319210310426
COc1cccc(NC(=O)NC2CCN(C2)c2ccnc(Nc3cc(OC)c(OC)c(OC)c3)n2)c1,JWYSBCWFKGORAC-UHFFFAOYSA-N,GSK1379763,Q6P3R8,NEK5,NEK5,8.04437462897224
COc1cccc(NC(=O)NC2CCN(C2)c2ccnc(Nc3cc(OC)c(OC)c(OC)c3)n2)c1,JWYSBCWFKGORAC-UHFFFAOYSA-N,GSK1379763,P09619,PDGFRB,PDGFRB,6.934754139531682
COc1cccc(NC(=O)NC2CCN(C2)c2ccnc(Nc3cc(OC)c(OC)c(OC)c3)n2)c1,JWYSBCWFKGORAC-UHFFFAOYSA-N,GSK1379763,Q8TBX8,PIP4K2C,PIP5K2C,6.1303204441809385
COc1cccc(NC(=O)NC2CCN(C2)c2ccnc(Nc3cc(OC)c(OC)c(OC)c3)n2)c1,JWYSBCWFKGORAC-UHFFFAOYSA-N,GSK1379763,Q9BRS2,RIOK1,RIOK1,5.329885417354189
COc1cccc(NC(=O)NC2CCN(C2)c2ccnc(Nc3cc(OC)c(OC)c(OC)c3)n2)c1,JWYSBCWFKGORAC-UHFFFAOYSA-N,GSK1379763,O14730,RIOK3,RIOK3,4.139671468794541
COc1cccc(NC(=O)NC2CCN(C2)c2ccnc(Nc3cc(OC)c(OC)c(OC)c3)n2)c1,JWYSBCWFKGORAC-UHFFFAOYSA-N,GSK1379763,Q16288,NTRK3,TRKC,8.277712705286993
COc1cccc(NC(=O)NC2CCN(C2)c2ccnc(Nc3cc(OC)c(OC)c(OC)c3)n2)c1,JWYSBCWFKGORAC-UHFFFAOYSA-N,GSK1379763,Q6PHR2,ULK3,ULK3,9.308112285306523
CS(=O)(=O)c1ccccc1-c1nc(c([nH]1)-c1ccncc1)-c1ccc(F)cc1,SCVJGNCJNHIZPW-UHFFFAOYSA-N,SB-213663,O96017,CHEK2,CHEK2,6.290310627215456
CS(=O)(=O)c1ccccc1-c1nc(c([nH]1)-c1ccncc1)-c1ccc(F)cc1,SCVJGNCJNHIZPW-UHFFFAOYSA-N,SB-213663,O14578,CIT,CIT,7.642033817889659
CS(=O)(=O)c1ccccc1-c1nc(c([nH]1)-c1ccncc1)-c1ccc(F)cc1,SCVJGNCJNHIZPW-UHFFFAOYSA-N,SB-213663,Q6DT37,CDC42BPG,DMPK2,5.0612387169875115
CS(=O)(=O)c1ccccc1-c1nc(c([nH]1)-c1ccncc1)-c1ccc(F)cc1,SCVJGNCJNHIZPW-UHFFFAOYSA-N,SB-213663,P45983,MAPK8,JNK1,8.508605836588348
CS(=O)(=O)c1ccccc1-c1nc(c([nH]1)-c1ccncc1)-c1ccc(F)cc1,SCVJGNCJNHIZPW-UHFFFAOYSA-N,SB-213663,P45984,MAPK9,JNK2,7.460844231536061
CS(=O)(=O)c1ccccc1-c1nc(c([nH]1)-c1ccncc1)-c1ccc(F)cc1,SCVJGNCJNHIZPW-UHFFFAOYSA-N,SB-213663,P53779,MAPK10,JNK3,6.594263980672382
CS(=O)(=O)c1ccccc1-c1nc(c([nH]1)-c1ccncc1)-c1ccc(F)cc1,SCVJGNCJNHIZPW-UHFFFAOYSA-N,SB-213663,Q15746,MYLK,MYLK,7.139293477579188
CS(=O)(=O)c1ccccc1-c1nc(c([nH]1)-c1ccncc1)-c1ccc(F)cc1,SCVJGNCJNHIZPW-UHFFFAOYSA-N,SB-213663,Q16539,MAPK14,p38-alpha,6.091338156030374
CS(=O)(=O)c1ccccc1-c1nc(c([nH]1)-c1ccncc1)-c1ccc(F)cc1,SCVJGNCJNHIZPW-UHFFFAOYSA-N,SB-213663,Q9UHD2,TBK1,TBK1,9.44852449739221
NC(=O)c1cc(cc2c(c[nH]c12)C1CCNCC1)-c1ccccc1,VNEKCIHPKSZINU-UHFFFAOYSA-N,GSK301362,Q6P2M8,PNCK,CAMK1B,6.886140755157618
NC(=O)c1cc(cc2c(c[nH]c12)C1CCNCC1)-c1ccccc1,VNEKCIHPKSZINU-UHFFFAOYSA-N,GSK301362,O14920,IKBKB,IKK-beta,8.181745598753151
NC(=O)c1cc(cc2c(c[nH]c12)C1CCNCC1)-c1ccccc1,VNEKCIHPKSZINU-UHFFFAOYSA-N,GSK301362,P23458,JAK1,JAK1(JH2domain-pseudokinase),6.731364245642544
NC(=O)c1cc(cc2c(c[nH]c12)C1CCNCC1)-c1ccccc1,VNEKCIHPKSZINU-UHFFFAOYSA-N,GSK301362,O60674,JAK2,JAK2(JH1domain-catalytic),8.985767879311176
NC(=O)c1cc(cc2c(c[nH]c12)C1CCNCC1)-c1ccccc1,VNEKCIHPKSZINU-UHFFFAOYSA-N,GSK301362,Q13188,STK3,MST2,8.811640923700384
NC(=O)c1cc(cc2c(c[nH]c12)C1CCNCC1)-c1ccccc1,VNEKCIHPKSZINU-UHFFFAOYSA-N,GSK301362,Q86YV6,MYLK4,MYLK4,8.199589011902463
NC(=O)c1cc(cc2c(c[nH]c12)C1CCNCC1)-c1ccccc1,VNEKCIHPKSZINU-UHFFFAOYSA-N,GSK301362,Q9H093,NUAK2,SNARK,7.430868227807427
NC(=O)c1cc(cc2c(c[nH]c12)C1CCNCC1)-c1ccccc1,VNEKCIHPKSZINU-UHFFFAOYSA-N,GSK301362,Q7L7X3,TAOK1,TAOK1,5.296963241101286
NC(=O)c1cc(cc2c(c[nH]c12)C1CCNCC1)-c1ccccc1,VNEKCIHPKSZINU-UHFFFAOYSA-N,GSK301362,Q9H2K8,TAOK3,TAOK3,9.478697459582428
NC(=O)c1cc(cc2c(c[nH]c12)C1CCNCC1)-c1ccccc1,VNEKCIHPKSZINU-UHFFFAOYSA-N,GSK301362,P29597,TYK2,TYK2(JH2domain-pseudokinase),7.197373098883402
Fc1ccc(CNc2nccc(NCCNC(=O)c3cc4ccccc4s3)n2)cc1,HPIYDXWBJUHQIS-UHFFFAOYSA-N,GSK1379944,O14936,CASK,CASK,10.866968074001292
Fc1ccc(CNc2nccc(NCCNC(=O)c3cc4ccccc4s3)n2)cc1,HPIYDXWBJUHQIS-UHFFFAOYSA-N,GSK1379944,Q00526,CDK3,CDK3,6.667234632756968
Fc1ccc(CNc2nccc(NCCNC(=O)c3cc4ccccc4s3)n2)cc1,HPIYDXWBJUHQIS-UHFFFAOYSA-N,GSK1379944,P11802,CDK4,CDK4-cyclinD1,7.578972331173376
Fc1ccc(CNc2nccc(NCCNC(=O)c3cc4ccccc4s3)n2)cc1,HPIYDXWBJUHQIS-UHFFFAOYSA-N,GSK1379944,O14757,CHEK1,CHEK1,9.4015499049578
Fc1ccc(CNc2nccc(NCCNC(=O)c3cc4ccccc4s3)n2)cc1,HPIYDXWBJUHQIS-UHFFFAOYSA-N,GSK1379944,P78368,CSNK1G2,CSNK1G2,6.587843195421737
Fc1ccc(CNc2nccc(NCCNC(=O)c3cc4ccccc4s3)n2)cc1,HPIYDXWBJUHQIS-UHFFFAOYSA-N,GSK1379944,O43293,DAPK3,DAPK3,7.380732790970287
Fc1ccc(CNc2nccc(NCCNC(=O)c3cc4ccccc4s3)n2)cc1,HPIYDXWBJUHQIS-UHFFFAOYSA-N,GSK1379944,Q08345,DDR1,DDR1,6.242937555648955
Fc1ccc(CNc2nccc(NCCNC(=O)c3cc4ccccc4s3)n2)cc1,HPIYDXWBJUHQIS-UHFFFAOYSA-N,GSK1379944,P29323,EPHB2,EPHB2,9.313867169143712
Fc1ccc(CNc2nccc(NCCNC(=O)c3cc4ccccc4s3)n2)cc1,HPIYDXWBJUHQIS-UHFFFAOYSA-N,GSK1379944,P27361,MAPK3,ERK1,7.578077447868871
Fc1ccc(CNc2nccc(NCCNC(=O)c3cc4ccccc4s3)n2)cc1,HPIYDXWBJUHQIS-UHFFFAOYSA-N,GSK1379944,P22455,FGFR4,FGFR4,6.304835525183177
Fc1ccc(CNc2nccc(NCCNC(=O)c3cc4ccccc4s3)n2)cc1,HPIYDXWBJUHQIS-UHFFFAOYSA-N,GSK1379944,O14920,IKBKB,IKK-beta,6.056686625379333
Fc1ccc(CNc2nccc(NCCNC(=O)c3cc4ccccc4s3)n2)cc1,HPIYDXWBJUHQIS-UHFFFAOYSA-N,GSK1379944,P51617,IRAK1,IRAK1,6.663498921080804
Fc1ccc(CNc2nccc(NCCNC(=O)c3cc4ccccc4s3)n2)cc1,HPIYDXWBJUHQIS-UHFFFAOYSA-N,GSK1379944,Q6P3R8,NEK5,NEK5,7.956277027284304
Fc1ccc(CNc2nccc(NCCNC(=O)c3cc4ccccc4s3)n2)cc1,HPIYDXWBJUHQIS-UHFFFAOYSA-N,GSK1379944,Q9UBE8,NLK,NLK,7.955722989955389
Fc1ccc(CNc2nccc(NCCNC(=O)c3cc4ccccc4s3)n2)cc1,HPIYDXWBJUHQIS-UHFFFAOYSA-N,GSK1379944,P09619,PDGFRB,PDGFRB,7.709900318010659
Fc1ccc(CNc2nccc(NCCNC(=O)c3cc4ccccc4s3)n2)cc1,HPIYDXWBJUHQIS-UHFFFAOYSA-N,GSK1379944,O60331,PIP5K1C,PIP5K1C,6.954994409451769
Fc1ccc(CNc2nccc(NCCNC(=O)c3cc4ccccc4s3)n2)cc1,HPIYDXWBJUHQIS-UHFFFAOYSA-N,GSK1379944,Q02156,PRKCE,PRKCE,8.641560563657997
Fc1ccc(CNc2nccc(NCCNC(=O)c3cc4ccccc4s3)n2)cc1,HPIYDXWBJUHQIS-UHFFFAOYSA-N,GSK1379944,O94806,PRKD3,PRKD3,9.576342794741409
Fc1ccc(CNc2nccc(NCCNC(=O)c3cc4ccccc4s3)n2)cc1,HPIYDXWBJUHQIS-UHFFFAOYSA-N,GSK1379944,P07949,RET,RET,7.868119227941772
COc1cc(Nc2nccc(n2)N2CCC(C2)NC(=O)Nc2cccc(c2)C(C)=O)cc(OC)c1OC,FHPPXPQIIDRCLD-UHFFFAOYSA-N,GSK1379753,Q16288,NTRK3,TRKC,8.207970966981923
Cc1ccc2c(cnn2n1)-c1ccnc(Nc2ccc(cc2)C(F)(F)F)n1,LOAIUSJMQXSEBK-UHFFFAOYSA-N,GW819776,Q8IVW4,CDKL3,CDKL3,5.0467324244338485
Cc1ccc2c(cnn2n1)-c1ccnc(Nc2ccc(cc2)C(F)(F)F)n1,LOAIUSJMQXSEBK-UHFFFAOYSA-N,GW819776,P49759,CLK1,CLK1,6.043293858259508
Cc1ccc2c(cnn2n1)-c1ccnc(Nc2ccc(cc2)C(F)(F)F)n1,LOAIUSJMQXSEBK-UHFFFAOYSA-N,GW819776,Q8TD08,MAPK15,ERK8,6.148717020849319
Cc1ccc2c(cnn2n1)-c1ccnc(Nc2ccc(cc2)C(F)(F)F)n1,LOAIUSJMQXSEBK-UHFFFAOYSA-N,GW819776,Q86Z02,HIPK1,HIPK1,6.279143392952298
Cc1ccc2c(cnn2n1)-c1ccnc(Nc2ccc(cc2)C(F)(F)F)n1,LOAIUSJMQXSEBK-UHFFFAOYSA-N,GW819776,Q9H2X6,HIPK2,HIPK2,8.51898862231808
Cc1ccc2c(cnn2n1)-c1ccnc(Nc2ccc(cc2)C(F)(F)F)n1,LOAIUSJMQXSEBK-UHFFFAOYSA-N,GW819776,Q9H422,HIPK3,HIPK3,5.123836280204014
Cc1ccc2c(cnn2n1)-c1ccnc(Nc2ccc(cc2)C(F)(F)F)n1,LOAIUSJMQXSEBK-UHFFFAOYSA-N,GW819776,P45983,MAPK8,JNK1,3.78376633444831
Cc1ccc2c(cnn2n1)-c1ccnc(Nc2ccc(cc2)C(F)(F)F)n1,LOAIUSJMQXSEBK-UHFFFAOYSA-N,GW819776,P53779,MAPK10,JNK3,7.547548296550953
Cc1ccc2c(cnn2n1)-c1ccnc(Nc2ccc(cc2)C(F)(F)F)n1,LOAIUSJMQXSEBK-UHFFFAOYSA-N,GW819776,P10721,KIT,KIT,8.183510360342584
Cc1ccc2c(cnn2n1)-c1ccnc(Nc2ccc(cc2)C(F)(F)F)n1,LOAIUSJMQXSEBK-UHFFFAOYSA-N,GW819776,P46734,MAP2K3,MEK3,8.628379369052738
Cc1ccc2c(cnn2n1)-c1ccnc(Nc2ccc(cc2)C(F)(F)F)n1,LOAIUSJMQXSEBK-UHFFFAOYSA-N,GW819776,P51956,NEK3,NEK3,6.971067029463104
Cc1ccc2c(cnn2n1)-c1ccnc(Nc2ccc(cc2)C(F)(F)F)n1,LOAIUSJMQXSEBK-UHFFFAOYSA-N,GW819776,Q6P3R8,NEK5,NEK5,6.786574279188494
Cc1ccc2c(cnn2n1)-c1ccnc(Nc2ccc(cc2)C(F)(F)F)n1,LOAIUSJMQXSEBK-UHFFFAOYSA-N,GW819776,Q8TBX8,PIP4K2C,PIP5K2C,8.74362105474314
Cc1ccc2c(cnn2n1)-c1ccnc(Nc2ccc(cc2)C(F)(F)F)n1,LOAIUSJMQXSEBK-UHFFFAOYSA-N,GW819776,Q9BVS4,RIOK2,RIOK2,8.672093885022482
CC(C)(C)c1ccc2nccc(Nc3cccc(O)c3)c2c1,YLGOFBVUMIJIPS-UHFFFAOYSA-N,GW856795,P00519,ABL1,ABL1-phosphorylated,6.528690858979573
CC(C)(C)c1ccc2nccc(Nc3cccc(O)c3)c2c1,YLGOFBVUMIJIPS-UHFFFAOYSA-N,GW856795,P04626,ERBB2,ERBB2,6.160604027703634
CC(C)(C)c1ccc2nccc(Nc3cccc(O)c3)c2c1,YLGOFBVUMIJIPS-UHFFFAOYSA-N,GW856795,P42685,FRK,FRK,7.615957406075691
CC(C)(C)c1ccc2nccc(Nc3cccc(O)c3)c2c1,YLGOFBVUMIJIPS-UHFFFAOYSA-N,GW856795,P06239,LCK,LCK,7.552116672508886
CC(C)(C)c1ccc2nccc(Nc3cccc(O)c3)c2c1,YLGOFBVUMIJIPS-UHFFFAOYSA-N,GW856795,Q12851,MAP4K2,MAP4K2,6.580179026918362
CC(C)(C)c1ccc2nccc(Nc3cccc(O)c3)c2c1,YLGOFBVUMIJIPS-UHFFFAOYSA-N,GW856795,P16234,PDGFRA,PDGFRA,5.7176427950833295
CC(C)(C)c1ccc2nccc(Nc3cccc(O)c3)c2c1,YLGOFBVUMIJIPS-UHFFFAOYSA-N,GW856795,O15530,PDPK1,PDPK1,5.907030772973108
CC(C)(C)c1ccc2nccc(Nc3cccc(O)c3)c2c1,YLGOFBVUMIJIPS-UHFFFAOYSA-N,GW856795,P17612,PRKACA,PKAC-alpha,7.081794309003859
CC(C)(C)c1ccc2nccc(Nc3cccc(O)c3)c2c1,YLGOFBVUMIJIPS-UHFFFAOYSA-N,GW856795,P07949,RET,RET,7.532401346149619
CC(C)(C)c1ccc2nccc(Nc3cccc(O)c3)c2c1,YLGOFBVUMIJIPS-UHFFFAOYSA-N,GW856795,P12931,SRC,SRC,8.821533906065909
CC(C)(C)c1ccc2nccc(Nc3cccc(O)c3)c2c1,YLGOFBVUMIJIPS-UHFFFAOYSA-N,GW856795,Q7L7X3,TAOK1,TAOK1,8.469544012064151
CC(C)(C)c1ccc2nccc(Nc3cccc(O)c3)c2c1,YLGOFBVUMIJIPS-UHFFFAOYSA-N,GW856795,P37173,TGFBR2,TGFBR2,5.1983668588061605
CC(C)(C)c1ccc2nccc(Nc3cccc(O)c3)c2c1,YLGOFBVUMIJIPS-UHFFFAOYSA-N,GW856795,Q86Y07,VRK2,VRK2,6.892521039106131
CCn1c(nc2c(nc(OCCN)cc12)C#CC(C)(C)O)-c1nonc1N,UZANYRRVDZSQGV-UHFFFAOYSA-N,GSK902056,P31749,AKT1,AKT1,8.02151954009398
CCn1c(nc2c(nc(OCCN)cc12)C#CC(C)(C)O)-c1nonc1N,UZANYRRVDZSQGV-UHFFFAOYSA-N,GSK902056,P31751,AKT2,AKT2,8.951940528016705
CCn1c(nc2c(nc(OCCN)cc12)C#CC(C)(C)O)-c1nonc1N,UZANYRRVDZSQGV-UHFFFAOYSA-N,GSK902056,Q9Y243,AKT3,AKT3,8.635328639775386
CCn1c(nc2c(nc(OCCN)cc12)C#CC(C)(C)O)-c1nonc1N,UZANYRRVDZSQGV-UHFFFAOYSA-N,GSK902056,P21802,FGFR2,FGFR2,6.655121708425946
CCn1c(nc2c(nc(OCCN)cc12)C#CC(C)(C)O)-c1nonc1N,UZANYRRVDZSQGV-UHFFFAOYSA-N,GSK902056,Q9P286,PAK7,PAK7,6.405958521428433
CCn1c(nc2c(nc(OCCN)cc12)C#CC(C)(C)O)-c1nonc1N,UZANYRRVDZSQGV-UHFFFAOYSA-N,GSK902056,Q05655,PRKCD,PRKCD,6.278240475824577
CCn1c(nc2c(nc(OCCN)cc12)C#CC(C)(C)O)-c1nonc1N,UZANYRRVDZSQGV-UHFFFAOYSA-N,GSK902056,Q02156,PRKCE,PRKCE,7.842834647311132
CCn1c(nc2c(nc(OCCN)cc12)C#CC(C)(C)O)-c1nonc1N,UZANYRRVDZSQGV-UHFFFAOYSA-N,GSK902056,P24723,PRKCH,PRKCH,6.552597920546731
CCn1c(nc2c(nc(OCCN)cc12)C#CC(C)(C)O)-c1nonc1N,UZANYRRVDZSQGV-UHFFFAOYSA-N,GSK902056,Q04759,PRKCQ,PRKCQ,8.980693142280558
CCn1c(nc2c(nc(OCCN)cc12)C#CC(C)(C)O)-c1nonc1N,UZANYRRVDZSQGV-UHFFFAOYSA-N,GSK902056,Q13237,PRKG2,PRKG2,8.532956813310912
CCn1c(nc2c(nc(OCCN)cc12)C#CC(C)(C)O)-c1nonc1N,UZANYRRVDZSQGV-UHFFFAOYSA-N,GSK902056,P51817,PRKX,PRKX,4.44985066923547
CCn1c(nc2c(nc(OCCN)cc12)C#CC(C)(C)O)-c1nonc1N,UZANYRRVDZSQGV-UHFFFAOYSA-N,GSK902056,O75676,RPS6KA4,RPS6KA4(Kin.Dom.2-C-terminal),7.8239256436014815
CCn1c(nc2c(nc(OCCN)cc12)C#CC(C)(C)O)-c1nonc1N,UZANYRRVDZSQGV-UHFFFAOYSA-N,GSK902056,Q56UN5,MAP3K19,YSK4,6.152374697673773
